KIC,Nfl,Nfl68
10000490,241,45
10001145,271,61
10001154,118,115
10001167,147,131
10002792,225,210
10002897,155,146
10004510,142,128
10004660,135,68
10005966,175,143
10006158,279,237
10006852,126,90
10006986,291,269
10007364,434,271
10007533,1121,816
10010358,239,211
10010946,206,181
10014548,687,348
10014830,539,506
10015516,119,95
10018239,170,135
10018973,158,120
10019708,171,149
10020423,105,103
10023062,136,128
10023439,179,141
10024405,200,188
10030943,218,189
10033081,238,219
10035150,133,41
10035155,279,52
10035772,222,148
10055674,225,199
10056297,512,370
10056474,261,229
10057435,159,126
10062594,119,102
10063343,816,524
10065049,170,139
10065244,384,184
10065745,159,125
10065848,150,125
10067340,218,183
10068810,258,217
10069570,147,124
10069934,222,211
10071249,141,120
10071383,216,201
10080792,138,110
10080943,384,104
10084115,129,119
10087394,209,186
10087522,197,156
10090246,237,233
10090853,249,212
10093930,198,183
10095427,259,235
10098590,219,195
10118929,269,250
10119517,539,460
10123627,360,324
10123707,101,85
10124436,132,107
10130777,154,59
10132247,214,167
10134484,204,65
10134740,264,213
10134800,416,205
10135584,1419,903
10136240,2285,850
10136603,1281,340
10141036,135,112
10146348,163,137
10146539,108,79
10147918,102,78
10148118,134,90
10148799,610,583
10149237,101,90
10149845,300,57
10154094,161,17
10154189,358,83
10154966,168,18
10155563,504,454
10157507,175,147
10158548,101,65
10164569,151,113
10165693,116,81
10186053,125,110
10186075,184,145
10186608,122,101
10190841,249,228
10191056,613,612
10196240,211,192
10196797,137,122
10197260,178,164
10198347,248,212
1026861,134,120
1028018,293,274
10206307,108,99
10206340,579,321
10206643,298,37
10207321,193,144
10207957,103,97
10208345,418,144
10212620,132,111
10213931,114,92
10213987,138,42
10216186,942,149
10219475,175,72
10220150,419,233
10220707,124,16
10220795,127,117
10222716,321,297
10224094,162,153
10224920,1012,508
10226276,203,180
10229723,865,218
10229796,129,103
10231863,220,198
10252692,177,153
10253375,233,101
10253421,256,189
10253943,1232,146
10255110,174,108
10264728,843,368
10265130,104,91
10265524,271,15
10266802,210,140
10267044,216,56
10268744,283,246
10273384,4147,3260
10274244,136,129
10275887,536,130
10279745,201,29
10281360,333,304
10281639,119,91
10285114,193,138
10285722,152,133
10287248,172,168
10288502,185,96
10289211,421,231
10292413,357,328
10293980,104,88
10297802,137,101
10319146,102,87
10319325,137,116
10320278,131,98
10323222,792,399
10324412,323,302
10324763,104,81
10330818,101,82
10332732,179,152
10333063,337,287
10341072,102,83
10341704,317,279
10345939,250,235
10346424,316,45
10350225,615,243
10351767,210,192
10351820,171,141
10353044,117,105
10355055,282,71
10355671,226,189
10355672,190,171
10355809,199,176
10356057,160,136
10357764,143,125
10359999,237,194
10360294,197,184
10362043,143,127
10362577,207,27
10383368,299,251
10384891,234,192
10385459,601,444
10388249,245,223
10388897,632,578
10389037,283,247
10389165,163,132
10394332,268,238
10395202,201,145
10395609,541,144
10395638,256,225
10398450,223,205
10402819,244,215
10404994,552,338
10411796,163,156
10412044,122,114
10415087,1013,323
10417135,204,33
10422252,153,141
10424228,349,197
10425397,599,207
10426854,209,179
10427996,390,164
10448626,211,181
10448764,652,181
10448807,294,246
10451090,199,37
10451317,248,22
10453946,182,155
10453983,170,153
10454725,601,487
10454887,278,248
10456555,225,209
10459696,238,217
10459987,116,102
10461323,155,87
10462980,197,29
10467146,118,108
10468528,183,157
10469976,136,104
10469984,773,173
10470294,295,247
10471914,208,48
10480806,108,100
10481462,333,318
10481912,648,403
10482001,178,154
10489108,180,165
10489265,301,48
10513061,100,74
10515986,177,169
10522084,225,198
10525205,299,235
10525282,253,217
10525475,181,141
10527661,193,170
10527754,126,114
10528299,302,23
10528873,241,51
10532771,467,128
10536147,328,275
10536761,181,121
10537528,214,69
10537907,509,77
10544976,890,848
10545152,165,147
10548640,109,87
10549371,551,12
10549422,165,22
10549643,259,39
10554179,159,147
10555142,396,136
10555618,221,197
10556064,371,342
10557008,276,58
10580834,272,125
10582841,118,92
10583181,838,826
10583857,253,232
10586837,132,114
10587122,222,189
10587237,117,96
10590779,102,97
10590857,369,144
10592802,253,230
10593779,213,199
10597648,234,201
10598558,291,248
10598894,365,123
10599712,148,131
10600319,299,266
10600807,236,209
10601549,111,50
10604255,192,172
10604429,619,299
10604460,172,147
10609641,273,53
10614012,123,91
10614190,176,161
10614323,280,239
10614707,110,98
10615125,859,405
10616124,120,26
10616138,159,21
10616239,125,112
10616594,132,25
10618253,867,395
10618471,645,392
10618721,179,13
10619109,329,101
10619192,737,713
10646009,146,131
10647611,616,477
10649096,144,106
10652134,222,215
10653383,111,81
10658802,674,268
10659100,177,148
10659654,141,25
10659688,563,276
10659842,197,151
10661783,3807,751
10662618,192,164
10664703,822,219
10664975,102,60
10666510,286,259
10666592,1742,1717
10666932,104,93
10667886,133,102
10669516,337,330
10670103,239,229
10670445,181,154
10670920,325,313
10671402,107,86
10675762,806,287
10677397,210,186
10679429,156,28
10679607,287,262
10680475,150,16
10681464,284,278
10683647,186,155
10684587,488,108
10684673,661,284
10685653,117,101
10686752,124,117
10686876,399,279
10709799,153,139
10710753,114,102
10711484,182,147
10711938,834,602
10713398,364,131
10716853,606,231
10717871,629,368
10723388,109,87
10723618,427,56
10727655,552,56
10728179,231,215
10728428,297,284
10729645,338,37
10732638,254,31
10734935,117,47
10735279,251,243
10735926,127,99
10736390,109,85
10736489,190,169
10736591,421,402
10737574,125,51
10741920,164,30
10745775,212,189
10748390,403,396
10749793,175,25
10753210,733,284
10777903,613,352
10779585,129,126
10783150,171,157
10788451,278,65
10789202,241,226
10789273,2969,691
10790415,338,259
10790706,334,32
10790812,135,114
10792949,277,262
10793771,162,125
10794838,225,216
10794878,439,426
10797526,996,582
10799558,610,473
10801703,467,415
10801714,117,14
10802309,161,137
10802837,279,238
10809277,121,99
10809970,480,251
10811078,125,109
10811753,353,79
10812837,176,153
10813970,680,360
10814863,100,19
10815379,244,232
10815466,173,48
10815729,171,155
10818266,234,220
10842958,159,125
10847118,108,45
10848618,169,149
10853783,425,19
10854564,121,102
10857583,158,141
10857953,217,189
10858720,455,157
10859386,243,210
10859941,114,98
10861194,108,94
10861842,904,260
10864711,289,249
10865206,150,138
10873444,184,163
10874614,214,188
10875239,115,100
10877182,203,46
10879372,215,192
10880958,145,129
10908442,241,211
10909367,135,108
10916675,457,175
10918016,255,232
10918393,569,134
10918449,305,249
10920314,489,314
10920447,183,30
10921894,358,57
10923648,313,281
10924462,525,525
10927597,267,225
10931800,227,216
10932440,266,240
10933861,107,88
10934755,845,633
10934758,175,141
10936814,107,90
10960750,330,77
10965091,454,199
10966458,219,185
10972627,153,123
10972860,171,149
10973387,240,203
10975238,153,104
10975348,562,551
10976930,156,144
10978646,149,133
10979669,182,170
10988009,779,472
10989210,124,101
10990083,278,258
10991398,193,167
10991555,136,125
10991989,103,76
10992345,205,175
10992711,221,203
11012801,881,621
11013608,307,256
11014468,247,217
11015261,281,226
11017401,128,119
11017637,305,267
11018710,101,84
11018874,192,163
11019954,189,162
11021188,580,321
11025754,181,30
11026045,456,35
11026472,112,66
11026843,146,127
11027005,181,167
11029396,113,83
11029423,287,225
11031040,149,127
11031746,217,193
11031993,175,151
11033205,136,111
11033302,243,217
11036301,439,399
11036692,399,369
11036972,154,137
11037290,249,222
11042923,328,69
11043831,209,185
11043832,132,104
11044372,502,304
11044384,357,14
11046496,191,158
11074251,436,408
11080027,153,116
11080103,362,352
11080481,273,242
11081490,349,238
11082830,525,213
11083888,412,371
11084022,104,83
11084782,578,565
11087095,157,139
11087527,133,122
11090405,568,350
11091082,194,64
11092638,344,324
11097678,246,70
11099031,152,136
11124203,139,130
11125706,1136,586
11126673,256,210
11127048,326,306
11127190,508,382
11133190,172,18
11133969,233,205
11134405,290,262
11135986,155,139
11136338,214,188
11137143,287,172
11137395,183,173
11137723,186,180
11144556,524,169
11145819,208,180
11146230,200,176
11147271,206,164
11152649,242,40
11152823,139,108
11153259,141,27
11153627,378,366
11175619,192,172
11176016,324,259
11177749,127,103
11179815,181,162
11180361,741,489
11180468,228,201
11182608,307,17
11183259,287,62
11183539,300,104
11186837,189,167
11187057,125,96
11188067,187,163
11189432,111,88
11190713,208,163
11190836,236,216
11191557,103,72
11192141,225,195
11193046,677,343
11196370,280,264
11196403,201,159
11197101,233,196
11197934,442,224
11199412,537,454
11228549,191,160
11231334,108,89
11234835,189,169
11234897,178,146
11235672,168,121
11236536,111,98
11241927,267,228
11242284,156,151
11243149,117,86
11243349,125,100
11244501,856,530
11244980,152,131
11246246,176,152
11249981,230,209
11250139,241,210
11251115,350,276
11251837,199,162
11252437,129,95
11253076,243,204
11255667,214,175
11282383,123,83
11284227,202,186
11284547,206,192
11285625,594,369
11285767,441,319
11287936,190,166
11288686,162,68
11289822,175,136
11293898,157,136
11293949,134,78
11294195,151,136
11294808,219,206
11294931,256,55
11295026,217,61
11295729,316,160
11297585,120,101
11298371,257,236
11298714,194,160
11298776,252,240
11299675,206,172
11302791,286,254
11303526,235,66
11308660,174,160
11309335,321,59
11336707,290,275
11337714,201,171
11338492,166,143
11340713,343,207
11341723,108,91
11341950,329,49
11342694,131,108
11342883,159,138
11347875,391,262
11349012,232,201
11351140,171,136
11352446,203,94
11352756,167,142
11357004,167,149
11357686,105,81
11360704,998,699
11390659,642,317
11395206,289,244
11395392,644,335
11402381,149,56
11402951,409,108
11404644,107,103
11404758,252,54
11405559,402,117
11408263,824,235
11410485,366,330
11410549,256,241
11411163,272,240
11413125,361,106
11413158,126,102
11413213,264,238
11413380,135,124
11414527,315,46
11415556,162,14
11441797,137,106
11444780,384,86
11445913,274,130
11446443,739,729
11447564,155,137
11447802,224,170
11447883,242,222
11450279,185,169
11450315,133,114
11453627,123,104
11454275,203,176
11454593,133,122
11455028,295,249
11455423,192,180
11456246,155,135
11456933,210,194
11461134,325,117
11462151,136,112
11462972,304,279
11463950,185,164
11468895,238,212
11494583,198,183
11494765,145,137
11495120,215,191
11495305,243,43
11495571,190,164
11495781,139,111
11496078,216,189
11496569,166,138
11498298,164,124
11498538,146,61
11502218,285,248
11502581,214,43
11506508,839,471
11508928,295,256
11509277,176,148
11509282,488,104
11512096,197,174
11513155,655,267
11514322,160,132
11517719,310,294
11518492,169,145
11518690,189,164
11519180,210,25
11519475,107,99
11547584,276,197
11548140,195,166
11550154,233,212
11550492,105,62
11551404,252,222
11551430,514,439
11551758,127,112
11559263,369,87
11559818,112,93
11559864,382,311
11560431,398,333
11560447,813,508
11560948,211,194
11563791,142,118
11564882,421,121
11565170,106,69
11566174,156,108
11568605,232,195
11568624,118,104
11571409,103,90
11572172,172,143
11572643,815,634
11572666,615,421
11572989,113,97
11598312,168,144
1160789,216,184
1161618,241,213
1162150,501,222
11600024,208,197
11600442,231,168
11602449,591,425
11603064,153,127
11605129,287,255
11606351,178,21
11607017,295,274
11607193,232,196
11610797,257,236
11612091,383,295
11612274,443,351
11615224,193,170
11615498,197,156
11615944,224,192
11616594,310,289
11617030,150,106
11617894,160,138
11618103,427,114
11618522,241,215
11618883,388,219
11618998,384,68
11619861,138,29
11619868,387,368
11620101,754,375
11622535,267,39
11623878,294,242
11649294,160,151
11649699,394,307
11651229,230,216
11651457,114,97
11652545,584,417
11656492,265,80
11658954,282,259
11658996,799,176
11659003,126,104
11661782,124,100
11661993,1385,357
11665620,440,388
11665692,207,167
11666104,372,72
11666429,215,132
11667100,236,217
11667928,148,136
11668036,166,141
11670252,179,169
11671429,537,270
11672319,429,387
11674677,406,249
11702195,220,199
11703960,100,34
11704155,237,195
11707798,138,112
11708238,304,40
11708843,204,171
11709006,297,270
11709022,186,159
11710462,218,40
11716688,281,253
11717798,110,42
11718839,158,60
11721304,224,218
11721374,236,183
11723564,1281,424
11724091,547,37
11751847,418,399
11753018,153,140
11753949,305,140
11754082,236,218
11754974,3517,1234
11759297,765,456
11759860,187,163
11760312,173,31
11763919,237,207
11764438,224,204
11766491,122,114
11767058,256,223
11769182,250,203
11769929,106,32
11770546,130,75
11772971,635,138
11773909,475,102
11775000,193,165
11775251,283,265
11775398,228,209
11775511,314,284
11802860,1621,976
11804465,262,245
11805390,193,172
11805460,108,100
11808481,143,121
11808639,574,129
11815158,112,35
11817498,508,491
11819079,210,202
11819363,321,281
11819760,105,83
11819949,230,202
11820688,199,175
11821439,209,177
11822650,164,147
11825204,113,113
11826272,286,268
11826594,270,250
11856076,170,135
11862915,243,214
11868514,205,22
11869095,267,217
11871882,232,207
11872512,391,64
11874676,790,473
11875706,486,423
11876227,118,96
11904929,196,186
11905761,333,78
11907454,249,225
11908744,198,166
11909497,429,57
11910010,196,184
11910076,599,566
11910642,666,344
11912947,105,98
11917550,339,317
11918397,682,229
11920266,584,572
11920505,554,381
11920678,222,200
11923562,272,245
11925804,136,100
11953267,136,118
11953581,211,174
11954651,161,11
11955208,146,115
11957092,130,114
11960363,145,104
11960470,281,260
11960922,168,151
11961034,233,198
11961075,155,121
11969378,305,259
11971335,373,329
11971405,819,517
11971940,228,196
11972294,241,206
11972526,340,41
11973705,805,216
12004834,697,697
12007247,108,98
12008680,106,76
12008797,209,184
12012725,118,96
12013435,117,92
12017894,318,294
12018834,483,403
12021620,515,456
12052691,196,173
12055014,1036,271
12055421,603,508
12055632,132,100
12056767,227,199
12058075,163,136
12058428,247,237
12059158,513,478
12066630,373,348
12066947,343,193
12067780,210,186
12068180,770,494
12069252,239,46
12070114,140,103
12070650,187,155
12071006,1105,938
12071221,3139,1629
12071741,399,344
12072666,328,133
12073334,349,112
12102187,131,118
12102573,230,204
12104285,219,194
12104686,128,105
12105259,332,314
12105278,278,259
12105681,230,201
12108333,333,46
12109388,148,122
12109430,145,116
12109442,182,163
12110266,109,87
12111004,192,158
12116644,199,151
12117099,236,206
12117689,325,253
12118993,292,277
12119534,201,180
12120230,136,116
12120327,238,217
12121936,144,116
12122151,287,270
12151240,239,218
12153332,486,445
12153827,123,102
12155928,3253,631
12156549,124,104
12156769,244,195
12157006,263,232
12157161,312,270
12158327,174,153
12164751,224,191
12165113,134,26
12166457,204,180
12167521,104,76
12168835,193,190
12170722,196,188
12202143,1054,333
12202431,229,204
12203455,248,215
12208809,158,146
12215002,127,82
12215647,233,175
12216817,1349,647
12218727,327,305
12218729,468,417
12252410,207,177
12253350,291,262
12254159,119,86
12256693,128,104
12257026,190,151
12257449,228,14
12257908,1257,650
12258055,108,89
12258225,195,171
12258330,327,307
12267718,374,81
12268191,221,195
12268220,827,279
12268448,259,245
12301048,146,121
12303838,111,105
12304485,166,145
12305537,193,45
12305574,165,133
12314646,226,184
12350399,399,386
12353648,2076,1385
12354328,134,131
12357103,374,24
12365015,325,311
12365420,214,15
12366537,226,201
12400984,207,27
12401800,164,138
12403985,114,98
12404615,406,83
12406750,152,118
12406908,164,148
12418274,652,621
12418959,263,252
12453551,257,217
12454201,103,85
12455203,170,128
12458189,129,97
12458797,163,156
12459622,257,239
12470041,200,187
12470317,223,23
12470319,140,115
12470709,198,23
12471214,216,170
12506130,224,201
12506665,252,184
12507577,109,82
12508348,126,71
12553806,214,214
12598713,136,121
12599878,143,119
12602250,230,30
12602985,154,129
12643786,415,376
12646386,297,255
12646841,148,137
12646843,137,116
12647070,583,245
12647227,283,251
12647649,109,90
12689656,112,102
12691710,200,176
12783745,175,139
12785282,217,36
12884274,419,295
12885086,110,22
1294670,344,41
1295531,148,132
1430353,216,180
1431794,485,202
1433980,313,304
1434660,278,104
1570924,112,97
1571152,713,552
1571780,103,75
1572353,176,146
1572802,242,212
1573138,192,177
1573174,477,147
1575977,136,106
1576115,479,126
1577039,684,128
1577143,207,168
1577912,269,29
1720425,110,87
1720554,960,363
1721614,127,105
1722506,102,93
1724879,140,116
1724961,571,239
1724968,299,176
1849235,1549,365
1864183,129,101
1864959,291,265
1865747,250,216
1872192,221,194
1872210,144,106
1873204,197,180
1873918,153,88
1996456,261,251
2011424,476,208
2014377,220,190
2015820,264,245
2016706,165,145
2017803,699,622
2020444,270,262
2021060,375,356
2140982,167,135
2141387,514,492
2141697,983,635
2141928,162,134
2156178,223,198
2158208,272,24
2160572,112,88
2161731,141,66
2162283,125,16
2162904,109,20
2167444,168,147
2167774,273,258
2167783,156,147
2168333,605,372
2283075,185,137
2285420,176,123
2285586,168,149
2285898,161,149
2297728,403,292
2300165,337,296
2300529,304,68
2300603,726,382
2303365,342,117
2303367,259,214
2304168,835,365
2304235,249,21
2305277,224,218
2305930,131,95
2308957,684,615
2309550,258,239
2310129,116,94
2310284,152,145
2424934,194,173
2424955,240,201
2437038,216,142
2439211,293,89
2441154,148,121
2444187,581,32
2444348,188,167
2447604,131,91
2447893,106,11
2448225,137,122
2449084,127,28
2449383,131,119
2451509,140,97
2554867,172,130
2556127,241,241
2557430,146,143
2557555,358,320
2571439,431,392
2571868,383,34
2575952,250,217
2576993,180,156
2578404,265,75
2578582,269,256
2579147,248,64
2583153,489,174
2583651,223,182
2583669,347,327
2583884,187,146
2692704,162,142
2693261,231,200
2694337,1048,948
2694640,318,283
2694741,674,346
2695030,308,43
2695267,263,229
2695344,383,311
2695740,600,595
2696217,234,223
2696703,466,384
2696955,191,81
2697388,1618,1598
2707479,2724,2275
2708156,439,398
2708803,203,183
2710594,302,288
2714397,177,159
2714707,214,39
2715417,600,126
2716608,101,64
2717141,1313,372
2717423,398,189
2717483,153,30
2719436,145,61
2719795,191,170
2720354,116,82
2831097,1378,645
2831788,318,279
2833697,255,219
2852961,153,119
2853280,290,51
2854432,487,351
2854752,254,61
2854839,100,68
2858440,213,173
2860851,130,65
2968811,187,163
2969462,289,266
2970584,227,207
2972005,448,37
2974815,259,14
2975717,169,146
2983113,464,343
2985022,755,127
2985366,714,410
2987113,237,222
2988145,338,55
2988988,198,175
2989840,229,204
2992350,271,237
2995931,125,31
2996903,230,197
2998561,291,49
3001695,170,158
3001851,163,133
3097912,104,67
3098015,113,12
3098263,187,164
3100193,102,76
3101632,139,110
3103752,103,88
3104113,661,198
3109520,118,85
3118806,134,108
3120057,181,35
3127825,101,75
3127873,129,45
3127996,122,110
3128488,167,135
3130277,151,128
3216467,106,90
3217554,1125,620
3218637,602,531
3219256,5044,977
3219623,112,84
3221077,216,212
3221207,251,99
3221230,118,100
3222670,199,176
3222854,373,355
3228918,187,164
3230227,190,161
3231406,416,122
3231503,153,131
3234139,212,183
3234396,155,120
3234597,291,255
3234666,117,102
3234703,103,71
3236379,179,145
3238073,151,110
3240305,353,43
3240411,141,106
3240556,552,172
3241199,394,70
3241374,262,238
3245420,457,245
3247016,136,119
3247039,242,59
3248332,108,103
3323168,320,36
3324644,344,324
3324929,260,235
3326917,217,207
3327668,228,196
3331147,438,392
3336731,222,181
3337002,969,639
3337400,196,167
3338660,178,90
3338680,247,34
3339563,953,437
3340807,138,116
3341327,182,161
3341457,250,231
3342425,953,514
3343854,132,118
3343931,100,52
3345665,114,105
3346027,321,270
3346195,201,23
3348390,327,319
3424493,453,410
3427727,110,33
3427850,211,186
3429637,2496,1850
3429738,297,271
3430287,317,287
3430610,124,95
3430868,379,139
3437800,688,648
3437940,693,113
3439031,114,112
3439180,161,23
3439831,460,416
3440230,368,287
3441157,251,230
3441159,157,31
3441414,348,324
3441784,443,88
3441906,115,103
3442006,212,37
3443221,262,254
3443331,179,155
3443519,567,481
3444374,125,101
3446471,524,40
3446837,1145,283
3448365,472,361
3448475,351,326
3448777,611,559
3452996,119,104
3453494,1224,824
3454793,105,93
3455094,401,375
3455760,123,103
3455863,264,39
3456605,214,43
3456780,104,38
3457190,198,172
3526481,181,159
3527032,136,109
3527891,197,160
3528198,181,174
3529480,270,236
3530387,124,99
3539153,319,303
3539331,136,118
3539632,121,107
3540728,330,273
3540952,298,264
3541346,111,98
3545147,249,207
3545457,160,15
3548732,277,237
3548900,142,41
3549994,107,17
3555191,312,27
3557532,119,80
3558145,468,263
3558705,253,213
3558822,559,491
3558848,154,130
3560181,104,75
3560212,162,17
3626325,264,247
3629496,228,165
3631162,159,145
3631821,213,183
3633152,148,105
3634384,413,167
3634720,287,235
3634755,134,116
3641446,111,92
3644116,294,20
3648936,229,208
3651360,103,81
3654076,198,195
3654420,190,159
3655115,112,17
3655513,439,201
3660006,122,26
3660498,157,122
3660820,111,80
3662635,209,208
3728906,124,104
3729833,117,84
3730067,455,455
3730953,289,258
3732732,999,518
3733346,1935,425
3734682,294,268
3735269,152,122
3735597,964,369
3736289,117,95
3742673,134,105
3743834,535,521
3744309,274,104
3744571,193,185
3744681,197,160
3746974,105,89
3748585,406,320
3748748,350,337
3749487,167,129
3754895,237,195
3758403,258,240
3759394,174,157
3760002,276,114
3760077,134,101
3760337,180,146
3763579,350,113
3763790,235,185
3765708,273,255
3831911,152,134
3832716,1310,812
3832966,177,153
3833399,282,253
3833859,812,674
3834913,116,108
3836772,320,273
3837677,207,167
3839930,224,210
3839964,106,42
3842778,125,94
3847822,272,251
3848042,278,266
3849354,210,153
3850810,422,182
3853259,565,527
3853654,146,14
3854605,308,286
3855001,283,41
3857864,168,141
3858086,157,144
3858884,2187,1335
3860253,115,69
3863594,208,19
3863731,175,147
3864417,332,41
3864443,1704,791
3865742,153,139
3866709,2572,913
3867256,125,24
3867593,156,142
3868284,120,22
3868420,1377,314
3934458,217,182
3935726,120,101
3936357,924,112
3936921,153,136
3942203,166,139
3942392,255,243
3942911,277,76
3946270,266,227
3952623,209,48
3953057,148,119
3955590,140,119
3957477,144,12
3958093,132,98
3958400,255,205
3958488,253,240
3962715,203,185
3964128,200,177
3965879,507,476
3966357,220,208
3967268,836,444
3967333,278,95
3968382,129,109
3968710,193,168
3968961,228,56
3969362,450,173
3969800,279,152
3971507,140,126
3972467,230,222
3972629,366,236
3975085,271,66
4036736,134,123
4038624,322,223
4042417,157,124
4042590,515,208
4044238,515,303
4044353,383,269
4048494,1130,660
4049174,280,20
4050047,289,253
4054908,143,124
4056079,251,211
4056791,295,280
4058265,179,157
4059007,173,152
4059416,174,154
4060545,254,223
4064484,1317,646
4067389,234,215
4069213,149,134
4069477,287,245
4070633,226,199
4072582,133,50
4074388,212,192
4074532,124,20
4075172,138,116
4075685,329,99
4077032,501,219
4077558,248,225
4135680,212,192
4136285,155,122
4136374,167,131
4138301,186,107
4138848,215,20
4139914,249,219
4141155,524,36
4141815,195,158
4142137,227,210
4142768,452,121
4142789,252,31
4142890,110,90
4143334,240,216
4149966,146,101
4150611,5497,2078
4155395,166,145
4155520,106,70
4157933,164,153
4158372,117,99
4160235,427,103
4164363,303,287
4164910,137,122
4168541,209,176
4168574,443,282
4169130,102,81
4169930,154,129
4170631,704,169
4174472,248,43
4175618,323,280
4175707,219,186
4177811,159,144
4177905,223,21
4180199,426,181
4180375,131,24
4180534,138,112
4180903,185,170
4241369,233,202
4241946,341,104
4243796,197,178
4243984,262,33
4244929,596,504
4244973,246,200
4245897,219,191
4247791,233,214
4248763,249,221
4249218,150,43
4252716,393,107
4252757,383,136
4253413,226,38
4254741,305,121
4255006,185,173
4255166,288,254
4263127,312,79
4263801,114,103
4264365,178,41
4264546,176,37
4269252,191,168
4269337,166,35
4269457,119,96
4271063,201,170
4273425,101,11
4273689,152,137
4276002,175,30
4281490,198,181
4281581,501,351
4283484,194,165
4285359,351,112
4346893,254,215
4348593,218,182
4349043,117,97
4350454,139,113
4351414,219,183
4352328,152,132
4355503,104,83
4357662,143,120
4358571,145,77
4370592,152,125
4370855,252,245
4371615,116,76
4372410,168,150
4374106,124,111
4374812,358,68
4376648,424,180
4381221,227,25
4381604,230,204
4383270,140,122
4383388,145,119
4385109,312,231
4390744,302,262
4390902,273,70
4445711,119,99
4446135,165,135
4446181,210,176
4451148,592,241
4454810,322,303
4454890,149,132
4457200,369,290
4457761,163,117
4457800,220,202
4458989,358,293
4459786,236,194
4464180,194,176
4464876,229,204
4464999,322,21
4466180,144,132
4472465,119,25
4473355,209,199
4473450,124,15
4473473,106,79
4474193,103,79
4474383,213,193
4474916,373,361
4476186,131,81
4480321,422,139
4481653,489,398
4484128,1933,834
4484271,739,534
4488796,166,19
4488840,586,267
4543412,305,263
4544587,553,553
4544967,362,26
4545474,193,162
4547308,759,743
4547348,286,264
4550962,770,575
4556345,181,30
4556646,110,96
4562675,227,177
4563150,150,40
4566474,144,130
4567221,118,100
4567531,141,117
4569150,244,69
4570326,2961,2020
4571402,286,214
4574310,156,79
4574621,199,162
4575645,210,186
4577647,950,223
4585508,121,96
4585976,234,207
4585982,114,100
4586875,100,89
4587528,355,63
4588115,156,140
4633285,295,260
4633721,128,95
4633907,121,97
4636938,248,228
4637562,284,255
4643888,270,244
4645692,128,101
4646159,167,143
4646245,201,184
4647117,270,235
4647652,800,363
4647763,931,124
4649476,394,140
4650494,108,80
4651526,110,97
4655788,186,155
4656194,121,30
4658336,581,176
4658442,203,186
4659706,201,180
4660665,586,419
4660997,556,486
4661223,263,252
4661660,109,16
4661768,133,124
4662336,258,69
4662939,102,77
4665568,106,94
4667911,186,157
4669400,145,123
4669417,164,157
4670267,502,467
4670388,108,56
4671225,663,458
4671547,302,247
4672934,391,373
4677321,256,71
4677684,404,370
4678873,143,18
4680338,371,354
4725292,143,123
4726268,1169,223
4733344,1282,434
4736562,466,147
4737720,221,22
4738764,266,233
4742436,106,77
4750456,102,80
4755467,106,84
4756040,192,20
4756171,290,77
4757184,120,109
4758092,369,329
4758316,232,211
4758368,460,370
4758595,145,131
4769505,204,32
4770846,292,240
4814198,125,82
4814290,117,91
4814686,158,100
4819564,255,225
4826087,281,252
4830109,144,60
4831826,117,95
4831859,181,143
4832225,366,342
4832376,228,188
4840675,293,35
4843143,185,161
4843222,545,316
4845272,217,197
4846809,161,154
4847371,298,28
4847411,179,65
4847691,175,154
4848216,166,32
4849836,152,129
4850368,140,117
4850874,208,165
4851217,1265,1017
4851304,126,90
4851881,261,232
4851948,143,119
4856630,281,39
4857678,165,98
4859432,166,44
4859559,940,392
4859790,164,148
4863077,588,337
4904304,792,427
4906950,216,181
4907159,191,169
4909697,223,18
4909707,614,501
4912702,139,101
4914456,144,127
4915387,316,273
4917786,425,221
4919344,166,105
4919818,223,184
4920125,179,148
4921906,119,84
4922182,231,200
4926962,233,218
4927383,104,94
4929016,143,131
4930269,112,91
4930578,308,44
4930889,241,209
4931738,149,137
4932357,100,81
4932498,143,122
4932691,182,166
4934393,142,120
4936524,440,326
4937204,165,138
4937217,196,69
4937350,365,291
4937435,230,71
4939265,116,87
4939895,136,121
4940226,280,161
4945107,331,68
4945588,327,295
4945857,117,12
4948344,176,154
4949770,590,524
4951617,107,90
4953358,121,97
4989752,214,174
4989900,502,100
4991959,171,46
4995064,165,146
4995956,112,89
4997023,117,90
4999260,170,16
4999357,309,172
5000454,229,218
5000456,246,237
5005217,165,136
5008287,473,409
5015926,271,59
5016873,203,192
5016991,192,164
5018590,600,221
5018976,115,98
5021374,231,225
5021453,103,89
5022573,763,570
5022908,122,65
5026008,244,203
5033682,772,739
5034039,155,27
5036037,366,92
5036493,286,26
5038228,943,462
5038469,281,41
5041975,195,186
5042253,174,134
5042785,417,60
5077994,331,108
5083936,192,165
5088308,209,156
5089498,496,383
5093168,245,219
5093559,117,90
5094011,228,202
5095098,250,227
5095464,187,153
5095946,240,226
5097278,202,176
5097379,153,136
5097690,100,86
5098757,368,343
5104153,158,135
5105754,311,298
5108514,447,191
5110038,127,121
5113557,250,28
5113797,239,217
5115335,247,214
5119143,374,191
5120165,100,12
5121116,216,190
5123145,249,197
5123176,571,160
5123889,377,82
5125048,582,156
5128171,250,218
5164767,106,74
5172229,295,261
5174492,386,48
5175172,222,193
5175621,293,238
5176531,229,21
5180796,239,207
5181651,209,180
5181824,110,94
5183325,197,166
5183935,237,210
5184199,121,64
5184276,145,127
5185032,384,32
5195137,448,401
5196297,225,195
5196301,234,220
5196787,209,25
5196851,226,29
5200521,144,68
5207238,320,274
5209234,207,43
5209712,197,119
5209910,165,17
5210153,116,108
5213142,136,116
5213157,198,172
5213221,354,333
5215700,457,52
5215999,342,323
5217339,116,96
5217688,213,201
5217733,1092,555
5217845,351,329
5219533,211,43
5254203,165,155
5254896,111,105
5256372,103,86
5264460,258,225
5264818,206,169
5265256,281,235
5266416,191,162
5267421,205,191
5267867,172,18
5268904,167,140
5270698,160,153
5271626,106,89
5272673,2100,783
5282322,207,171
5282875,114,95
5283839,101,66
5287610,169,133
5287619,291,69
5288607,135,99
5288646,198,194
5290153,130,115
5294571,241,231
5294739,232,167
5296276,129,23
5296877,1293,626
5297681,229,22
5298466,105,25
5299596,1439,1152
5300767,136,101
5301101,421,58
5301537,106,88
5301955,305,264
5304184,546,83
5304634,180,50
5304819,1003,647
5305553,105,79
5306862,196,174
5307203,250,213
5307747,154,140
5307780,533,473
5308052,439,92
5309012,141,112
5310387,1105,715
5310435,311,84
5342558,158,122
5344895,239,211
5351320,184,162
5353108,173,165
5353178,117,97
5353200,247,220
5355929,162,129
5356349,396,94
5357275,198,165
5357882,103,101
5359600,145,134
5364240,112,87
5371747,318,310
5372077,220,195
5373447,221,194
5374883,122,77
5376552,216,71
5380812,296,276
5383359,116,86
5384653,315,287
5385141,105,78
5385754,391,335
5387909,230,218
5389616,611,588
5390878,333,318
5390913,114,98
5391338,145,27
5391416,933,584
5392089,386,361
5392657,289,248
5393589,796,771
5394574,104,73
5395139,318,308
5426356,169,154
5426665,311,152
5428254,252,44
5428626,117,108
5435620,993,568
5437206,520,197
5438922,204,188
5439660,376,345
5439790,1188,211
5440746,518,479
5443410,451,64
5444392,874,522
5446068,761,313
5446821,255,237
5450166,462,428
5450322,145,134
5450503,245,214
5450881,378,265
5457811,173,144
5458880,700,344
5459373,237,223
5459805,143,36
5460828,149,123
5466537,331,22
5468295,275,150
5473171,1224,511
5473826,372,335
5474424,531,432
5474427,395,139
5475624,212,205
5475645,113,108
5475712,487,436
5476273,603,76
5476448,412,393
5476864,420,157
5478466,722,713
5480114,494,99
5480528,147,117
5480730,197,40
5481390,345,233
5510843,124,116
5511363,418,377
5513861,630,114
5514251,188,169
5514871,551,302
5520878,3280,2820
5522154,206,143
5526545,309,11
5530598,233,68
5531278,148,118
5534204,307,267
5534253,167,146
5534340,113,72
5535061,243,29
5537188,393,383
5544763,103,86
5545340,282,234
5545566,407,41
5545866,389,360
5546141,146,114
5557072,330,299
5557368,197,123
5558379,346,39
5559520,216,175
5559631,2218,484
5560421,443,224
5560691,1053,392
5563814,265,237
5564600,516,490
5567130,239,225
5567438,110,102
5597406,127,102
5597891,175,149
5597965,107,86
5598639,255,150
5598789,142,119
5599911,134,104
5603049,245,35
5607052,106,89
5607145,117,88
5608334,326,269
5608384,800,638
5609753,223,192
5611160,711,377
5612549,223,183
5613879,532,218
5615331,251,216
5617000,100,78
5617102,193,173
5617259,334,42
5620305,263,24
5620395,515,86
5621757,104,84
5629459,192,163
5630212,141,116
5630362,817,519
5631061,173,140
5632093,109,64
5636882,362,34
5638409,885,548
5640843,102,91
5641322,276,239
5641711,686,398
5643103,487,140
5645694,325,43
5646058,251,234
5647463,166,154
5647514,171,30
5648894,258,168
5649964,211,22
5650062,412,103
5683912,130,14
5685704,217,190
5693926,357,325
5694127,123,89
5694720,257,233
5699171,114,88
5700368,319,254
5702180,288,265
5702637,308,198
5703230,329,316
5705411,156,33
5706988,255,250
5707098,200,162
5707338,124,95
5707999,181,162
5708550,107,97
5709564,238,196
5709664,140,98
5716472,123,33
5716526,127,116
5722346,608,248
5723909,307,264
5724440,7304,2357
5724810,578,213
5724811,466,94
5725312,202,20
5727773,179,20
5728843,239,20
5730384,181,156
5730952,100,77
5733906,383,346
5734838,172,131
5737655,467,265
5737687,177,14
5737902,554,152
5738127,211,43
5739251,239,207
5768203,162,88
5770431,553,268
5771685,106,91
5772452,193,175
5772710,105,80
5774375,211,126
5774557,412,213
5775232,1118,746
5780885,103,94
5781077,349,337
5781774,235,43
5781827,186,173
5782127,134,111
5783113,228,196
5783676,782,714
5784204,117,112
5785620,107,87
5785707,266,25
5785879,105,91
5785906,123,111
5786382,253,215
5786545,141,51
5787509,168,151
5788623,312,299
5790837,402,324
5791720,326,287
5791786,743,170
5791844,127,108
5791886,175,20
5792093,378,201
5792421,174,138
5792500,291,259
5793628,237,212
5794240,209,207
5795626,299,267
5802479,196,177
5802562,170,139
5806522,216,186
5809827,1235,645
5809868,521,92
5810113,118,72
5810333,165,127
5811454,356,56
5811766,220,179
5812701,175,163
5817566,1345,1054
5822633,367,360
5823159,129,22
5857714,610,270
5859492,193,174
5860093,147,124
5866555,511,99
5866737,207,161
5872236,207,168
5872509,148,136
5872972,232,93
5879187,229,34
5879583,249,124
5880360,328,253
5880661,146,118
5881108,287,45
5882005,127,120
5887977,161,135
5887983,287,261
5891963,109,94
5892969,385,91
5893765,277,218
5893926,108,93
5896480,205,184
5899519,166,144
5900096,326,274
5903003,232,208
5940060,237,199
5940273,619,299
5941844,277,229
5950394,314,264
5950759,389,389
5951140,239,192
5951553,292,258
5952403,424,342
5954264,280,188
5954370,289,212
5956051,361,317
5960283,173,138
5960693,100,80
5961327,100,20
5961373,772,394
5962532,135,104
5962956,193,180
5963339,141,121
5964173,450,26
5965837,1152,396
5966921,186,169
5977646,242,238
5977984,339,53
5979866,304,45
5980555,131,116
5981039,258,22
5982378,149,66
5982499,158,54
5983299,286,232
5984000,107,36
6024572,154,56
6026188,264,238
6029189,177,148
6029214,376,22
6029474,133,114
6032448,147,118
6032730,1564,780
6034812,378,347
6035335,163,138
6035535,241,204
6037102,163,141
6037858,313,250
6041223,188,155
6043187,133,115
6044064,163,143
6045299,238,203
6045511,442,371
6046311,406,380
6046859,149,108
6047339,108,89
6048411,224,192
6049459,142,117
6050116,816,218
6050127,342,302
6057401,270,48
6058006,150,136
6060867,245,187
6064932,159,138
6065651,205,20
6065699,147,141
6067314,116,73
6067735,382,118
6067817,181,24
6067987,242,201
6070366,129,103
6070714,2308,1866
6071684,454,81
6073090,119,105
6100702,1123,502
6101376,283,180
6106771,130,44
6109688,281,244
6113864,504,67
6115575,297,261
6117602,160,143
6117832,206,166
6118085,137,109
6118479,178,159
6118779,576,286
6119788,504,134
6123202,311,271
6123324,1403,393
6126225,263,208
6127239,150,34
6128428,191,158
6128774,168,145
6129451,151,132
6130409,214,192
6130500,402,116
6131093,161,122
6140030,254,227
6140161,238,194
6142919,100,23
6142932,127,108
6150124,570,265
6153233,202,73
6181933,238,162
6183128,1926,837
6183478,164,21
6184894,152,118
6185855,178,156
6186029,1818,1733
6187639,179,155
6187665,1285,983
6190679,222,172
6191711,237,207
6192431,200,158
6195556,370,30
6198476,366,241
6198581,113,90
6199731,386,251
6200178,121,85
6203421,195,173
6203503,185,141
6204450,111,83
6205460,745,428
6206125,280,40
6206627,319,129
6206751,436,367
6206897,131,108
6207355,313,301
6220010,149,65
6224312,438,81
6225660,277,246
6225816,374,303
6229130,420,68
6229502,319,56
6229965,344,323
6230921,248,63
6231193,301,240
6231538,280,16
6232858,225,202
6232914,100,69
6264091,259,230
6265720,450,363
6266750,245,36
6267702,153,136
6268890,993,97
6269092,119,109
6271732,232,193
6272933,260,224
6273063,254,226
6273239,316,26
6276898,297,279
6279848,308,216
6281103,544,508
6283344,626,459
6286402,362,330
6286468,159,146
6286633,171,122
6286760,197,164
6287950,157,136
6289468,482,344
6290411,235,29
6290974,201,174
6292128,129,97
6293266,543,190
6294018,217,200
6301745,251,212
6301749,116,90
6302589,411,52
6302592,231,22
6304081,479,304
6307077,186,160
6307578,196,179
6311637,228,28
6312478,146,116
6313843,245,226
6342827,128,120
6343818,341,320
6345474,127,103
6346443,134,108
6350802,520,373
6352430,584,347
6356144,116,98
6356928,218,170
6357702,161,29
6358280,243,227
6359688,189,177
6362947,275,242
6363090,220,197
6363181,215,192
6365076,173,156
6365080,143,126
6365511,131,111
6366617,228,14
6367628,436,335
6368316,580,515
6368800,194,160
6370665,108,106
6371980,203,172
6372268,294,274
6372328,107,91
6373278,121,92
6381306,836,485
6382808,117,106
6382916,2321,351
6383932,289,263
6384492,210,182
6385010,352,78
6385325,253,209
6385342,511,408
6385953,140,85
6387185,649,229
6387257,225,42
6387770,207,189
6387895,363,318
6388333,1178,782
6390205,318,96
6421483,234,132
6423857,162,140
6424124,242,36
6425301,104,85
6425437,216,194
6425928,145,129
6428932,548,206
6430834,205,181
6431545,1068,686
6432054,5737,1646
6436038,370,330
6437385,135,122
6438046,213,193
6441258,164,38
6441436,167,44
6443122,2226,1894
6443392,153,151
6444630,101,100
6446219,189,173
6446468,237,193
6446951,300,71
6447817,249,217
6448362,114,26
6448666,294,238
6449081,308,272
6451160,265,229
6451876,396,77
6462033,255,230
6462057,674,631
6462755,226,195
6463047,387,14
6463436,1139,666
6463772,381,63
6464293,109,93
6464938,829,176
6465075,152,106
6465159,709,357
6467389,302,36
6467639,420,171
6468112,237,199
6468146,326,229
6468987,240,227
6470998,393,361
6497003,348,310
6500578,142,131
6504095,265,215
6504867,116,88
6508203,663,466
6508478,180,24
6508943,109,83
6509175,1527,774
6510183,264,144
6511019,205,15
6511354,204,32
6519869,416,382
6520658,352,339
6521094,139,111
6521526,114,107
6522179,416,306
6522553,284,255
6522823,910,381
6527211,112,86
6528048,170,141
6528720,280,245
6529378,196,184
6535050,164,144
6543282,199,169
6545986,285,225
6547007,233,210
6547641,102,93
6548447,114,105
6550823,206,183
6579643,762,66
6579647,149,127
6586055,146,137
6587245,126,92
6590363,121,110
6590403,1522,719
6590668,108,98
6593240,210,188
6593488,542,279
6603756,160,145
6604303,191,32
6606229,1275,991
6606653,211,202
6607814,350,240
6608436,171,137
6610354,257,227
6612114,175,166
6612293,101,83
6613627,236,35
6614168,678,317
6614588,124,100
6619377,374,82
6619631,121,99
6619830,365,339
6627606,238,215
6629106,431,105
6629177,116,102
6629205,259,230
6629588,236,92
6631489,217,173
6632945,288,275
6666011,294,263
6668729,206,23
6670742,458,139
6670812,204,167
6671698,373,46
6675318,279,249
6675714,109,93
6675944,213,60
6676993,143,140
6677225,307,68
6677653,153,100
6678174,127,119
6678432,285,235
6681414,112,84
6681516,218,208
6690887,109,90
6690934,221,194
6691244,179,15
6692180,115,96
6694649,418,204
6696436,212,184
6701238,109,88
6705642,129,98
6707805,112,100
6717216,152,125
6717307,278,235
6719893,298,265
6721089,804,176
6755373,202,183
6755830,134,108
6756386,168,25
6756481,877,550
6756579,125,97
6756648,130,69
6757160,135,32
6761539,1328,556
6762992,385,41
6763132,2251,842
6763448,224,157
6764229,133,112
6764812,122,109
6766118,145,124
6766325,224,84
6767249,198,177
6768319,154,127
6776331,520,208
6777016,160,147
6778063,117,23
6778771,226,197
6779613,317,296
6779699,135,80
6780052,175,136
6782360,263,237
6784274,100,65
6785523,256,223
6786075,106,70
6790335,364,102
6790346,139,33
6790408,518,441
6791060,138,106
6791090,625,555
6792983,279,135
6794650,107,101
6803335,255,239
6803964,410,96
6804957,449,217
6836140,216,204
6836589,100,80
6838565,355,331
6838707,173,142
6842139,151,20
6843185,106,85
6843557,119,109
6844024,223,173
6846570,163,132
6848661,261,98
6849167,179,144
6850177,136,115
6850417,159,128
6850464,140,124
6851499,322,279
6853229,266,240
6854391,152,121
6854623,286,33
6859685,260,232
6861400,591,215
6862920,262,55
6863017,234,211
6863229,1184,629
6864276,348,325
6864995,236,206
6865077,566,82
6865416,199,175
6866002,151,118
6866587,168,148
6869726,134,126
6869740,437,334
6870327,159,140
6871390,277,237
6877258,173,162
6877609,324,38
6878041,168,143
6879594,577,129
6880727,111,102
6881454,226,178
6890391,211,189
6890561,242,219
6922690,441,142
6922995,255,224
6923424,305,296
6923677,270,239
6925082,256,224
6929869,243,232
6935014,273,259
6935101,266,32
6935260,217,188
6936115,3513,420
6936796,131,106
6937123,552,92
6937758,365,102
6939203,207,186
6939291,184,37
6939772,351,340
6940048,251,217
6940150,194,185
6940816,250,229
6945362,103,81
6947064,739,122
6947195,151,138
6948001,201,160
6949412,138,105
6949816,104,68
6951231,141,53
6951642,611,216
6951925,115,90
6953069,214,187
6953103,470,345
6954726,355,297
6955286,132,122
6957157,261,236
6960978,165,117
6963490,1296,929
6963897,159,127
6964342,275,253
6964796,656,583
6965789,1153,795
6967360,642,241
6967600,131,118
6975466,266,32
7006979,258,236
7007103,319,303
7013934,170,157
7014894,147,120
7017044,221,187
7018252,143,111
7018708,308,254
7021124,2298,1303
7023122,440,418
7025708,224,213
7025721,182,154
7030715,1766,1115
7033467,212,182
7033830,147,119
7033846,120,105
7035099,179,55
7036099,161,144
7036755,204,174
7037319,145,120
7039075,134,118
7039421,192,174
7045685,236,49
7047963,107,24
7049467,102,77
7053383,180,150
7053456,243,218
7091476,186,88
7093179,125,103
7093428,106,91
7094142,276,254
7097571,592,169
7098510,260,201
7101676,408,361
7103951,296,240
7106205,394,217
7106648,358,332
7107762,387,363
7109064,127,86
7109120,224,198
7109598,370,169
7117050,209,153
7117293,148,114
7118167,315,14
7118412,115,94
7118621,505,38
7118656,430,306
7119530,2186,1609
7119757,363,38
7119876,320,165
7120637,255,214
7121674,164,147
7121801,224,196
7122746,1551,1316
7129930,227,203
7131515,154,129
7136624,125,108
7137351,313,287
7138415,475,64
7138446,193,165
7175316,255,223
7175826,156,111
7176080,2628,1375
7176440,539,520
7177015,109,87
7180968,727,423
7183551,286,237
7187063,126,100
7188504,218,182
7189610,248,208
7191311,153,126
7191673,191,164
7198925,1807,863
7199013,105,77
7199037,453,380
7199168,105,77
7199183,264,214
7199353,124,17
7200117,248,229
7202395,322,279
7203179,401,45
7204041,1001,867
7204237,187,69
7205067,107,77
7207129,250,245
7207251,270,247
7207672,475,62
7211157,182,160
7211754,161,130
7211759,917,532
7212040,376,60
7214475,180,38
7215396,216,193
7217483,392,102
7217486,104,73
7217866,540,227
7218950,152,114
7221608,205,180
7255270,121,117
7257008,1086,878
7264847,138,122
7264976,122,111
7265427,529,254
7266428,139,116
7269623,490,398
7269797,195,183
7270142,117,103
7271892,281,20
7272739,270,105
7273033,181,167
7273426,102,87
7280704,725,677
7281814,587,556
7282128,710,530
7283317,120,21
7283405,107,82
7285602,126,68
7286410,398,341
7286741,172,156
7286856,184,44
7289157,225,222
7289158,520,85
7293054,107,81
7294135,282,112
7294598,304,100
7294867,296,258
7299869,306,35
7300184,103,26
7300387,543,177
7301477,206,89
7301640,228,15
7302972,205,169
7304385,518,374
7305252,157,134
7337049,420,104
7337994,134,119
7339123,207,62
7339343,185,155
7339345,151,65
7339348,159,147
7340724,101,53
7340789,189,165
7341653,616,342
7345200,229,201
7345204,158,131
7346442,115,96
7346691,237,221
7347189,107,83
7348206,269,137
7350067,129,109
7350496,193,169
7351433,364,11
7352425,458,215
7352727,266,226
7352776,727,520
7363684,308,271
7364232,246,205
7365537,642,382
7366121,635,308
7367559,265,259
7368103,444,86
7368451,290,264
7368584,123,99
7368590,385,60
7368960,179,20
7373555,365,347
7374855,252,234
7375612,798,113
7377489,309,296
7377946,174,145
7378020,409,89
7379646,242,201
7380537,122,110
7381710,107,87
7382407,136,120
7384711,120,23
7385478,182,108
7385500,403,340
7385783,269,246
7386431,115,103
7420545,139,115
7422883,417,354
7428418,209,181
7429055,305,253
7430757,497,93
7430868,254,219
7431665,161,128
7431703,320,315
7434470,171,146
7435143,118,88
7436266,221,209
7440742,161,46
7445653,235,202
7446357,2014,1940
7447703,129,103
7448050,458,328
7448560,223,185
7450284,346,95
7455752,295,266
7455914,183,168
7456441,482,151
7457163,153,73
7458697,294,26
7459173,129,96
7462845,192,155
7463044,204,19
7463281,257,222
7465605,122,84
7467539,355,49
7467630,169,140
7468196,340,315
7468404,142,96
7500267,229,193
7501230,741,309
7502559,363,320
7505345,2470,542
7506164,180,165
7506446,1170,649
7515243,111,87
7518352,155,136
7522572,205,45
7523960,303,273
7530451,142,115
7530496,161,144
7531332,106,71
7532880,213,196
7533694,4293,4231
7533807,574,507
7537808,265,245
7538181,339,311
7542091,105,20
7543102,127,104
7546789,112,67
7546791,412,362
7547306,323,59
7547969,192,164
7548061,262,233
7548259,110,21
7548479,1276,297
7549852,309,41
7552577,175,155
757099,381,341
757137,256,235
7581697,359,346
7583208,376,25
7583437,216,189
7583663,167,160
7584739,851,559
7585122,318,274
7585445,249,22
7585696,307,248
7587763,114,104
7592133,119,99
7595285,189,169
7595572,159,116
7596250,371,362
7596350,135,119
7596741,295,265
7597269,210,203
7598492,246,214
7599132,349,329
7601720,156,130
7602453,260,256
7605152,225,33
7617227,197,171
7618122,169,125
7618364,346,21
7618645,105,89
7620654,257,219
7620664,170,40
7621759,357,334
7621793,215,189
7622486,666,587
7623046,137,98
7626595,194,150
7627059,220,69
7658578,261,37
7659570,1139,1131
7660607,194,15
7661054,390,324
7661720,301,268
7664485,143,128
7667885,608,608
7668613,376,277
7668791,120,101
7670419,125,104
7671081,2641,1091
7672492,199,196
7672969,239,191
7676477,144,122
7676610,157,27
7676676,100,93
7677194,241,210
7678385,149,28
7678547,119,101
7680159,183,162
7680593,232,203
7685260,269,236
7685307,124,32
7687390,117,84
7691445,376,358
7691547,220,184
7691553,816,514
7692454,124,93
7692850,279,247
7697146,141,94
7697795,151,27
7698650,918,310
7699056,525,165
7702705,1402,1000
7709086,180,44
7729156,439,361
7729396,154,139
7730752,251,209
7731467,163,152
7732255,290,257
7732964,335,299
7733540,117,96
7739728,149,131
7740188,248,221
7740566,130,60
7740983,170,151
7741987,233,196
7742534,2946,1068
7742739,317,300
7743539,256,235
7744173,313,147
7748238,972,661
7749552,242,26
7758029,299,274
7760680,167,159
7761855,468,184
7765135,154,140
7765684,361,30
7765894,140,19
7766185,376,51
7766507,197,171
7767367,526,201
7770282,252,242
7772919,261,27
7773133,1821,299
7773380,858,659
7777443,146,146
7778980,484,35
7779942,597,162
7798339,114,59
7798924,176,152
7800087,315,282
7800848,238,204
7802146,279,232
7802549,112,95
7816201,194,99
7817520,249,210
7818448,349,20
7819927,191,167
7820638,436,333
7826833,157,120
7827131,125,124
7830684,673,108
7831302,404,199
7834612,1051,509
7834979,330,326
7836330,130,88
7836868,530,385
7838383,140,129
7838889,174,37
7838908,159,18
7839027,128,107
7839372,134,103
7842286,805,61
7842621,262,223
7847816,167,162
7848288,102,18
7866696,200,176
7867348,240,225
7869334,292,262
7869590,209,179
7871200,925,83
7871208,344,261
7871438,170,142
7877062,126,42
7877451,119,84
7878402,435,71
7879404,1172,988
7884426,485,448
7885570,1758,1221
7888403,133,100
7889429,255,217
7890222,244,84
7890526,317,297
7899428,254,230
7900126,306,303
7900367,471,111
7902578,188,176
7905047,223,185
7905209,346,214
7906186,127,105
7908953,120,108
7909976,638,257
7910731,270,261
7914906,567,121
7917014,101,24
7936219,206,181
7936407,100,68
7938179,406,42
7938180,132,47
7938468,246,147
7938870,753,254
7939065,369,356
7939145,424,84
7939565,200,170
7940533,227,201
7940959,269,209
7941050,159,149
7944038,194,162
7944142,831,446
7946762,271,244
7948086,113,93
7949599,179,154
7950550,152,112
7950962,628,283
7950964,536,181
7953796,296,264
7953880,320,288
7954197,164,140
7954705,326,278
7955898,178,63
7956671,258,224
7957709,150,135
7957881,132,119
7959867,583,154
7967293,319,32
7967534,142,119
7971906,104,79
7973199,106,59
7974032,813,99
7974679,317,233
7975162,428,392
7977163,190,186
7977261,119,101
7977996,170,92
7979316,126,111
7983752,129,122
7985001,142,127
7985370,202,178
7986166,197,48
7987514,159,150
7988343,2272,386
8004558,416,129
8004647,105,95
8005874,238,213
8006058,111,91
8006060,181,142
8008399,320,279
8009339,285,249
8009582,224,185
8016214,570,528
8016586,370,289
8017459,141,120
8018404,253,243
8018827,127,105
8019232,235,217
8022670,286,266
8025357,388,44
8027320,151,129
8029546,1457,1253
8038609,243,11
8041249,372,345
8041675,217,56
8042044,153,136
8042598,107,83
8043436,488,466
8043961,1002,400
8045121,180,141
8045883,121,102
8046010,295,30
8053107,423,124
8056337,689,245
8058127,181,21
8058269,360,327
8074045,297,280
8077489,238,182
8078554,156,125
8081389,728,581
8081482,239,219
8081535,184,158
8085964,103,58
8085998,295,268
8086192,108,71
8086490,231,28
8087018,181,42
8087269,108,95
8092865,230,13
8093473,209,187
8094948,107,94
8095028,812,494
8097553,252,16
8097831,297,255
8097926,157,136
8098181,287,259
8099615,149,138
8103917,441,191
8104598,706,675
8105002,113,85
8106525,185,171
8107831,102,78
8108785,169,23
8109934,543,261
8110692,110,78
8113154,1826,1545
8113425,326,316
8113429,219,170
8122124,169,145
8123127,604,394
8123197,175,38
8124622,110,71
8125339,309,290
8127448,311,283
8127495,326,318
8127684,716,452
8129047,276,234
8143094,223,189
8143757,126,38
8145152,164,137
8145477,411,128
8145590,267,252
8149341,299,35
8149616,137,104
8153411,17647,927
8153747,648,233
8154383,210,179
8154541,115,96
8155291,256,40
8160175,135,108
8160419,192,157
8160590,117,102
8161798,238,221
8164737,219,207
8164812,179,164
8166918,289,266
8172497,190,177
8173017,765,497
8173725,234,196
8174306,214,43
8174381,112,91
8175438,135,101
8177179,349,62
8177748,164,33
8180020,126,123
8183805,350,292
8183850,554,499
8190613,297,211
8191602,1050,726
8191611,129,24
8192840,578,545
8193315,106,31
8196181,369,352
8196436,118,100
8196449,142,118
8197210,298,261
8197275,504,485
8197761,397,367
8197788,240,176
8210100,494,331
8211008,227,213
8211551,296,211
8213032,353,304
8213326,166,144
8213984,262,218
8222189,200,160
8222685,252,162
8222691,216,198
8222945,415,407
8226149,114,101
8226464,186,160
8226744,245,216
8230025,780,593
8230815,803,569
8231525,405,372
8232851,120,100
8234477,352,342
8235853,763,631
8240902,113,108
8242493,304,110
8243725,221,194
8244758,183,143
8245132,149,131
8245326,261,251
8245366,9518,2610
8246635,144,125
8246833,264,49
8247543,396,86
8247608,274,267
8247845,408,387
8248630,305,108
8249139,120,100
8255272,229,26
8257903,170,13
8259061,423,301
8259835,109,90
8263970,185,168
8264037,571,182
8264061,173,161
8264075,304,266
8264404,1190,880
8264583,205,141
8264588,1180,817
8264617,427,407
8264674,316,253
8264698,253,187
8264949,494,242
8265068,234,142
8265126,273,250
8265951,1246,323
8280135,288,272
8280417,378,278
8282831,501,477
8283958,215,181
8284510,239,210
8284682,185,155
8285349,177,66
8285510,205,172
8292681,296,264
8292758,149,133
8293291,221,203
8298344,293,243
8299332,194,64
8299922,115,77
8307149,138,92
8309175,589,567
8309890,214,180
8310243,275,35
8311110,201,24
8312388,375,310
8314525,192,14
8314665,235,208
8314902,127,111
8315220,238,198
8316195,444,104
8321903,289,281
8324482,295,270
8325764,119,89
8328005,125,112
8328178,561,188
8329095,203,166
8330092,219,184
8331561,167,160
8332664,442,403
8344381,2186,1019
8346778,121,109
8349350,206,192
8350443,204,175
8350645,230,198
8352420,599,341
8352528,154,122
8355130,368,325
8355134,197,178
8362899,106,11
8363443,215,190
8364786,247,220
8365739,146,125
8365782,111,81
8367834,258,221
8375138,362,336
8375240,324,291
8376471,336,41
8377200,244,204
8378945,152,128
8379547,133,117
8380389,188,18
8382172,105,31
8382182,238,230
8382539,407,328
8386048,224,184
8387281,118,117
8388610,288,38
8390612,254,239
8390631,246,228
8390838,532,305
8396230,405,342
8396259,123,74
8397138,223,33
8397426,455,309
8410637,134,109
8410818,250,222
8411053,116,110
8411792,288,250
8414518,272,228
8414845,171,152
8415004,199,180
8416220,311,271
8416447,120,94
8420644,397,102
8423343,121,112
8424446,1012,450
8429170,136,106
8429280,590,371
8429528,160,132
8430105,119,91
8431229,179,159
8431695,121,93
8432239,103,81
8432962,104,12
8439566,142,13
8440983,228,198
8442040,787,238
8444802,199,29
8450921,393,383
8451868,648,312
8451881,434,398
8453431,123,12
8454353,188,160
8454553,733,609
8456151,932,400
8457330,159,144
8457452,144,142
8459354,509,217
8459899,203,169
8460126,215,39
8460993,760,220
8474900,290,245
8475872,142,115
8476554,171,132
8479383,222,181
8479655,102,91
8481420,339,292
8481574,621,535
8482522,119,92
8482944,239,218
8487242,134,116
8489712,237,207
8489832,151,124
8491147,299,255
8491816,156,29
8493159,1087,30
8493827,184,162
8496820,1158,465
8499639,241,41
8504544,174,19
8504570,1737,1637
8505515,248,229
8506295,216,186
8506388,339,70
8507979,390,322
8508931,727,314
8509620,126,116
8510534,223,19
8516008,424,96
8517859,339,54
8522497,149,145
8523194,239,229
8524633,111,80
8525150,187,155
8525691,419,394
8525805,257,241
8539201,250,213
8539720,679,193
8540384,113,96
8543200,276,260
8545291,234,206
8545861,269,228
8547390,379,327
8547842,254,236
8552540,766,143
8552907,308,41
8553788,208,84
8554005,146,11
8555573,756,733
8555914,241,231
8556233,166,20
8563964,644,568
8565016,174,127
8565229,554,184
8565446,381,365
8569819,394,142
8569885,260,219
8570117,173,38
8570577,238,207
8573774,434,42
8574456,273,219
8579615,219,63
8579707,383,348
8585472,160,13
8587329,246,188
8587792,355,31
8590274,136,120
8590553,238,38
8590920,147,109
8591404,166,125
8591738,277,240
8607581,210,173
8607728,102,64
8608260,482,163
8608310,805,406
8608490,1115,1115
8610168,107,95
8611114,258,228
8611876,218,182
8612241,147,116
8612612,1001,675
8617873,226,70
8619322,124,89
8621095,206,188
8623953,3243,319
8625580,411,366
8630712,322,309
8631401,106,34
8631442,216,188
8636174,276,239
8639063,230,40
8643814,125,108
8645874,165,33
8647299,1390,510
8647309,137,119
8648597,314,220
8651452,508,382
8651471,137,110
8653100,282,72
8655712,281,93
8669014,277,241
8669282,116,98
8673221,253,218
8673358,174,144
8674581,154,141
8675106,184,136
8676094,118,104
8676927,300,266
8677342,144,128
8677949,285,240
8681527,198,175
8682555,100,15
8682849,136,129
8682921,973,632
8685306,119,110
8686058,173,137
8693004,115,89
8695156,1354,737
8695402,169,155
8696274,785,640
8701099,182,21
8703528,555,295
8703887,864,750
8712174,275,263
8712760,112,23
8714886,201,175
8715667,133,22
8717065,112,17
8719419,359,337
8719675,175,158
8720055,111,85
8733892,118,109
8737032,274,232
8738244,440,156
8738834,245,215
8739181,149,138
8739802,385,336
8740339,249,231
8741924,281,237
8742013,157,118
8742449,170,149
8745738,134,100
8748280,207,184
8749284,139,119
8751420,170,99
8751494,344,146
8752359,297,30
8752618,413,96
8752893,208,169
8753234,209,167
8754075,197,172
8754603,142,117
8758161,399,399
8759746,123,110
8759811,132,95
8766405,398,359
8766619,440,316
8774912,187,164
8775173,330,314
8776565,113,72
8776850,129,99
8782196,208,170
8782561,317,27
8782626,1018,749
8783270,137,35
8801343,112,99
8802374,101,78
8803643,103,89
8804824,515,211
8804962,217,205
8805565,263,220
8805663,211,181
8811811,209,181
8813509,270,231
8813946,757,302
8814775,230,187
8816525,154,122
8816903,535,368
8823410,411,297
8823666,490,76
8824264,146,122
8824452,303,270
8826718,564,56
8827407,148,31
8827821,435,354
8827934,165,132
8832417,1491,618
8836473,237,201
8840638,104,46
8842025,223,30
8842083,242,192
8845312,756,429
8846978,210,23
8848288,270,243
8868650,955,706
8868929,153,126
8869656,267,239
8869892,925,573
8870432,279,248
8871304,305,279
8872709,287,244
8872737,134,126
8872979,150,111
8873450,127,112
8878719,469,452
8879518,129,101
8879964,433,378
8881697,494,201
8890410,115,69
8892124,127,116
8893936,155,153
8894630,245,12
8894773,124,92
8904448,672,493
8906039,154,132
8906045,224,206
8906294,351,56
8908767,234,56
8913061,1149,183
8914322,349,25
8915335,2072,1605
8916266,592,296
8933391,157,106
8934111,233,174
8935655,337,270
8940851,166,146
8947349,176,145
8948403,218,201
8951252,190,163
8956957,1032,847
8957218,104,100
8959087,120,97
8963002,389,100
8964935,189,87
8972489,192,41
8972966,256,66
8975515,406,294
8975644,108,15
8976187,220,38
8976256,245,236
8976344,424,405
8977390,257,52
8978113,234,208
8978630,236,199
8982514,316,82
8984044,253,216
9001643,284,249
9001926,2399,1141
9003096,466,250
9003765,181,153
9004380,203,190
9004818,138,83
9005043,158,30
9007080,240,207
9007322,428,353
9007918,274,271
9008270,238,206
9009158,149,118
9016344,100,77
9016417,173,155
9017929,221,20
9018790,254,65
9020199,1241,98
9020289,300,258
9025029,213,182
9025882,185,154
9026611,296,26
9028154,374,81
9028321,119,98
9028697,109,74
9029195,146,129
9030509,959,356
9031731,221,206
9032691,107,80
9045002,208,26
9045401,586,250
9045521,299,62
9045611,283,250
9047103,249,13
9047437,122,112
9048551,114,84
9048949,214,165
9054553,121,20
9071373,327,250
9071386,219,213
9071940,396,284
9072011,1101,443
9073007,437,135
9075225,245,219
9077192,164,141
9077844,248,226
9080175,301,279
9080407,239,199
9080445,214,185
9087918,308,105
9088142,180,159
9091810,953,405
9092529,373,349
9093266,531,181
9093349,158,139
9094335,653,626
9094694,841,376
9097423,222,45
9097798,566,533
9098129,192,165
9099728,132,104
9099846,111,94
9100444,155,124
9107351,279,242
9108579,119,95
9111056,1590,547
9114182,286,21
9116222,172,152
9117123,211,196
9137992,135,27
9138872,520,106
9139330,249,236
9139859,102,86
9140403,149,126
9143051,265,251
9143785,1178,928
9143868,196,170
9145369,492,309
9145707,241,23
9145846,1044,698
9147229,412,388
9147335,122,100
9151578,259,210
9151972,519,289
9156571,277,247
9156808,413,135
9159301,584,130
9161428,420,389
9164561,809,183
9164694,404,255
9164938,323,24
9165393,108,20
9166862,129,117
9171954,169,84
9173371,107,68
9174121,379,70
9175346,290,45
9178425,452,439
9179806,107,100
9201463,404,334
9201644,210,17
9202990,432,313
9202995,183,150
9205436,164,156
9205855,201,174
9207344,251,40
9207508,194,67
9209247,166,31
9210037,470,213
9210116,268,228
9210943,251,236
9211088,329,256
9211401,107,88
9214131,124,97
9217736,103,94
9222942,479,279
9226335,264,237
9226540,309,286
9229318,877,308
9229342,405,73
9230007,284,18
9236858,123,50
9237755,797,758
9238207,238,209
9239211,216,21
9240041,408,392
9241509,267,78
9242127,194,74
9243464,491,198
9244992,201,65
9245929,436,407
9246481,251,21
9267042,476,69
9267818,132,103
9268105,214,20
9269772,197,170
9274472,324,238
9279769,283,247
9282363,141,115
9283816,209,176
9283826,157,17
9283918,152,131
9285587,352,34
9286817,189,170
9286851,123,85
9288026,189,155
9288175,235,165
9288444,147,17
9289960,1524,567
9290838,209,176
9291618,846,45
9291629,103,97
9292463,329,303
9300295,515,109
9300507,198,182
9302543,391,112
9304842,347,70
9306085,524,477
9307073,162,144
9324334,423,196
9327993,222,191
9328135,221,190
9328682,244,220
9328852,202,202
9329058,215,193
9329200,146,93
9329655,239,188
9331207,267,36
9332840,125,105
9335415,144,114
9335570,225,207
9340503,108,93
9340539,255,214
9340993,127,95
9343888,178,46
9344572,372,25
9345163,505,258
9345838,311,194
9346592,118,102
9346602,180,152
9347095,1223,712
9347955,230,213
9349426,119,112
9349698,257,241
9350031,176,148
9350889,741,289
9351186,140,111
9351622,1063,753
9353572,210,81
9357275,254,254
9357455,123,102
9364543,255,71
9366774,234,202
9368220,951,266
9368524,394,104
9369047,312,70
9369547,385,50
9388303,221,43
9389122,190,65
9392682,341,195
9395205,136,115
9395227,277,241
9395246,1106,621
9396095,144,119
9396363,132,105
9401856,164,149
9402652,1054,392
9405269,259,210
9405969,152,126
9406415,209,179
9406596,241,220
9406638,109,69
9406652,948,77
9408590,335,313
9408694,5073,1322
9409513,177,133
9411865,763,248
9411927,311,275
9412114,170,140
9413057,517,226
9413296,297,274
9414097,158,147
9414905,424,406
9419182,258,198
9419603,283,244
9419694,261,245
9425193,256,224
9429060,1139,592
9446742,167,151
9446824,101,96
9447310,146,120
9450883,760,687
9451598,422,376
9451999,122,103
9453011,227,194
9453075,377,54
9453114,2029,663
9453192,838,187
9456153,113,87
9456920,233,182
9456996,398,378
9463183,509,49
9467117,186,129
9468966,154,129
9469165,122,87
9469599,378,349
9470054,368,154
9470175,143,34
9472174,8006,7989
9472481,231,207
9473000,170,91
9474969,198,190
9475663,190,40
9480469,289,273
9481674,139,43
9489411,204,192
9489590,247,60
9489626,227,37
9490042,512,451
9490067,256,220
9490782,302,264
9491316,285,229
9491339,138,75
9508052,286,271
9508655,2185,1201
9509296,637,307
9511937,283,203
9511938,139,114
9517542,169,152
9517698,279,251
9518506,193,170
9518802,109,72
9519590,340,248
9520089,149,128
9520156,106,83
9520726,256,218
9521461,149,129
9526946,521,101
9527167,289,224
9529073,323,38
9532030,222,191
9532219,655,88
9532518,237,198
9532591,203,161
9532644,926,889
9533449,556,268
9533483,277,264
9534934,292,251
9535050,238,202
9535399,325,289
9536053,606,598
9536330,185,152
9540467,251,232
9541127,281,281
9542218,120,90
9549091,151,126
9549513,255,240
9551281,597,379
9552758,304,67
9569866,793,793
9574730,280,252
9575645,263,239
9576197,112,106
9578461,261,35
9578833,2632,1350
9579328,154,116
9579818,194,175
9579860,127,103
9580794,495,322
9583720,176,140
9588953,191,36
9591182,274,251
9591503,2739,360
9591519,155,19
9592855,972,195
9594007,238,211
9594022,194,18
9594857,3184,2250
9595743,211,188
9596093,377,66
9596300,260,237
9596469,213,29
9597214,124,102
9598448,232,12
9602595,301,52
9602917,218,189
9604524,202,167
9606195,151,138
9606739,361,131
9631844,151,130
9631995,121,113
9632537,350,54
9634962,306,248
9635388,116,105
9636283,137,16
9637239,149,147
9637299,625,625
9639491,163,11
9640204,413,353
9640472,915,587
9640480,340,277
9640886,171,148
9641031,404,402
9641484,146,127
9641568,186,152
9641772,163,130
9642041,643,557
9643210,104,82
9644558,122,101
9649493,573,173
9650390,1156,780
9650501,324,107
9651065,480,254
9651668,139,128
9652494,450,320
9652680,341,299
9652971,164,150
9653110,112,101
9654476,368,368
9654789,227,206
9655055,1218,940
9655114,929,667
9655129,178,165
9655177,2042,1099
9655288,575,405
9655346,407,79
9655393,246,139
9655399,146,124
9655419,863,635
9655422,2053,1572
9655433,244,32
9655470,1058,814
9655514,2051,1810
9655800,229,216
9655909,132,13
9657639,472,263
9657917,107,83
9658002,117,100
9658012,1173,429
9658793,253,220
9658832,151,148
9662581,333,121
9664869,888,650
9667584,202,30
9667930,164,137
9692529,178,143
9693282,1343,436
9697825,1922,1220
9699950,172,168
9700145,373,146
9700154,285,223
9700322,6443,1736
9700679,100,74
9702057,103,89
9702641,483,161
9704050,136,117
9704325,208,193
9705459,208,199
9705687,155,128
9706209,138,109
9711231,189,155
9711269,300,262
9711492,146,123
9712888,253,235
9713083,272,243
9713664,400,268
9714063,233,197
9714209,261,62
9714633,499,462
9715425,159,143
9716107,191,174
9716220,586,406
9716256,307,264
9716385,1062,692
9716522,193,156
9716523,256,224
9716667,325,122
9716947,380,347
9717032,1163,813
9718024,152,125
9724220,123,49
9725543,277,34
9726020,148,143
9726084,170,154
9726699,953,679
9751996,277,201
9752189,106,90
9753178,187,154
9754111,571,485
9754973,138,119
9757679,127,106
9758246,105,92
9758615,242,49
9760531,821,770
9760904,187,177
9761113,315,281
9761597,158,134
9762713,497,181
9762866,201,172
9763640,124,110
9764708,222,191
9764965,474,162
9772007,139,98
9772366,218,175
9772642,276,18
9773094,1340,260
9773099,573,241
9773512,354,192
9776718,408,331
9776816,199,61
9777246,289,31
9777807,266,253
9778638,132,103
9778742,185,168
9780183,156,137
9783226,225,205
9786017,164,154
9786165,959,934
9786798,119,12
9788612,671,262
9790050,104,87
9790144,407,222
9791381,402,181
9812351,518,291
9812716,137,29
9813078,371,118
9813798,260,217
9813965,166,144
9815488,104,81
9818269,288,65
9818604,174,153
9820702,235,176
9821078,175,165
9821783,199,169
9821923,899,727
9823602,144,38
9823652,294,39
9824673,115,72
9825598,248,210
9826562,306,19
9828226,110,15
9832227,572,175
9832655,311,22
9833618,385,121
9833666,243,232
9833806,633,587
9835626,261,233
9835790,196,148
9836930,187,136
9837267,469,136
9838466,111,75
9838510,199,146
9839246,159,135
9839918,200,176
9840412,387,144
9842860,240,231
9843451,112,93
9844510,177,165
9845573,260,31
9845907,4731,1135
9846355,255,213
9847901,265,237
9848000,200,189
9849107,436,154
9850393,363,66
9851142,115,101
9851743,177,166
9851944,1659,1369
9853314,116,101
9873869,231,220
9874181,409,66
9874575,586,445
9875566,787,540
9880324,162,133
9882280,339,120
9882446,264,241
9883214,169,135
9893388,295,256
9893889,281,249
9896743,258,235
9897089,147,20
9897634,186,163
9899416,265,264
9909300,276,255
9909804,131,96
9912977,474,392
9933464,134,120
9934052,559,505
9936518,169,79
9941662,1310,1289
9941718,101,82
9944140,121,107
9945771,173,155
9946773,102,72
9947026,2163,1411
9947924,466,148
9948201,497,486
9953617,259,56
9953894,1198,1028
9956124,396,363
9957219,272,241
9957288,281,238
9957411,319,156
9958567,166,130
9960005,303,260
9962653,478,356
9963609,192,40
9965888,592,439
9967174,190,149
9967183,245,228
9967351,163,126
9970467,151,137
9970568,1677,1377
9970830,197,175
9973633,696,603
9974087,115,47
9991887,230,178
9992083,291,277
9994475,224,61
9994798,231,191
9995162,260,220
9995660,241,49
9995981,238,226
