"t(-2)","t(-1)","t(0)","t(1)","t(2)","t(3)","t(4)","t(5)","t(6)","t(7)","t(8)","t(9)","t(10)","t(11)"
2.12686039726706,-1.23901980510122,4.817151175661,0.75610166184261,-3.00095651178026,-3.05569351303693,-0.937640775942664,-1.81446431939799,-2.25103562800624,1.46620503581406,1.01061613086661,-0.945246615767164,-0.730006435125176,0.558435386994152
-3.46429155229603,0.659042524289204,5.68595334076861,1.67904513432415,0.369171432072262,-1.17554891867031,-2.03578422413345,-1.24216617250575,-1.53592860158338,-0.0708607151851504,-1.88998058645907,0.682864198334153,0.862592727171638,0.870290188176308
2.72832533469532,-0.295181484703706,6.63345618053632,1.74644071024269,-1.51634390885911,-1.33603072225643,-1.9683303490731,-0.717621420388099,-2.53705988104003,-0.334720346186897,-0.219353375455064,-1.0742788852532,0.801872017907784,-0.337689748893559
-1.21364185107985,-0.294005477606067,6.24014455582815,0.761286482732916,0.378978001443979,-1.1823879901123,-1.55408108789497,-1.32256147022331,-0.796804920021924,0.593158233274343,1.17873446210764,0.375008672732921,0.00802858058541656,0.229176312959451
0.353801569160572,1.32816382496942,4.63520763787128,1.23870539933956,-0.438438245211224,-1.91784312743576,-1.24640996568685,-1.17415053748485,-1.16020847448537,-0.958744564508963,-0.722922883289041,-0.936785143191051,2.06252496701721,-0.710759181644912
-0.53307153933024,-1.54200534388604,6.97409550201698,0.916308879946146,-1.15536766932894,-0.112499559448315,-3.26007958879209,-2.05125759643697,-1.74209929881978,-2.3707038902616,-1.02074032059722,-0.0388683350772556,-0.329319270701584,2.02620484595557
-2.7793631344475,0.342683606870234,5.19198649375807,1.13083888496947,-0.12530699893676,-1.91517662953037,0.172882677932594,-0.94124132356469,-1.22551102920651,-1.87840668070597,-0.66034702612675,-1.82807023295993,0.103942911454535,-1.35264354523903
0.139911817503999,0.976328764175063,4.99288490692272,2.00314424240661,0.0811635958044512,-1.2525026825679,-1.66462240825509,-2.89990608614163,-2.4615160787907,-0.766488475375809,0.342164553228934,-0.299986732630012,0.320816062401461,0.458089221347184
-1.08911615969083,-0.679954320450232,4.27522483401753,-0.261901318013884,-0.844970987533309,-1.88490291285551,-2.16056066092779,-1.17412181439061,-0.657315545618641,-2.32401140010918,-2.78375274774091,0.168255191490557,-1.73343975045039,0.820453348957451
1.71957976191926,-2.38417080086107,5.97395554950649,1.25756154307685,3.02161985948319,-2.03297156809001,0.160451243349401,-3.83855570406472,-1.38324035890977,-0.0876493457652838,1.59849902538924,-0.137125945014255,-0.0121722513092912,-0.712129789456063
-0.531980353828272,-0.415955798240619,5.84837948192834,-1.00992952426672,-0.234352692028047,-0.617316899611685,-1.59822393420515,-1.9725512673998,-2.17479307583999,0.243443936583211,-1.0270292223974,0.176515796531095,1.65746261810803,-0.916464269417115
-2.00907452067667,0.623887452529945,6.72444900793268,0.986788487807551,-0.548629657785529,-4.23487148635757,0.284335720914623,-1.95606509707794,-0.963335739441273,-3.04456327947768,-0.492400751861257,-2.02623197856681,-0.101757202765585,-0.149118205732691
0.532431746486508,3.6265136505994,7.52224122728364,0.372985125397165,-1.10437331543621,-1.9832533238554,-2.38563410206041,-1.61245548830205,-0.928842964696273,-0.542275525998569,-0.283544414987028,0.061303385890267,0.120983177436488,0.0838056419309074
-0.760555980040668,0.449385621332088,5.46109396977808,3.43286721473225,-3.94316105676991,-0.141556654037843,-3.6959018727648,-2.90269091135498,-3.39147187189901,-0.313225325634813,-0.781463766952314,0.0585101130453451,-2.51235642614465,1.40261671615935
2.20567042678507,1.54969953492458,5.96643600532183,2.78038603952697,-1.01356388777032,-0.0667675941115204,-3.25239138682012,-1.43086962023388,-0.651875065354846,-0.66144944749672,-1.59170867181956,1.17886994009138,0.287276706774689,-0.22082879940813
0.167900321708157,-2.11415240687541,5.30096418738613,2.58188214286528,-1.78879002752278,-3.53903348200732,-2.56373898187007,-3.1197071675083,-1.44888689196252,0.353393389953506,-0.300047885399986,-0.523647018783099,0.829783810245928,-0.599408822537267
1.46955803750644,0.304549175254971,6.95000395221608,3.3805596745351,-0.0608359097896862,-2.44188775644839,-1.15867028554486,-1.69129315229911,-0.937517202265436,-1.20326989940266,1.29207978666481,0.863295280253408,0.110726357048409,0.262923328107964
0.5249561018377,-0.227566604693004,6.19990210511692,1.87471330701883,-2.08241230840789,0.215749041834719,-3.2145916084648,-1.04103850189095,-1.2333510115282,-1.79984481752008,-0.749334209674884,0.959280373571896,-0.589253498205038,-2.30636827809739
0.285371720650393,0.772043249491027,4.97979143741242,2.21482213506816,-1.05370284176713,-1.74438437774574,0.18757586717654,-2.67087290629006,0.512750852924108,0.153914977350474,-1.27264402209627,1.30732327472348,-0.810388499818856,2.48912657731176
-1.4170134060447,-1.54453158928199,5.1569898508663,2.12686039726706,-1.23901980510122,4.817151175661,0.75610166184261,-3.00095651178026,-3.05569351303693,-0.937640775942664,-1.81446431939799,-2.25103562800624,1.46620503581406,1.01061613086661
-0.811890136592011,1.36477508902103,7.55318291336983,-1.26557069082279,-1.92518673994234,-0.975626461037905,0.149729555895379,-3.66171757648215,0.347170582471796,0.593669439228439,-1.01375226593041,-1.28515000212979,2.07664976090132,1.61841434974683
0.0140614938122354,-1.09254730455324,5.64482040368449,1.4921808751895,-2.25718105387061,0.116426719142376,-1.69877785590294,-1.57899792359029,-1.10688261157674,-1.60144621413417,2.36898984355541,-1.06300500531432,-1.86168948192403,0.93088639021413
-0.302401385820286,-0.51188916705531,7.46050420359281,0.75748435658308,-2.01084089860421,-4.61495973854492,0.584844142290947,-2.85383948274606,1.79231936458579,-1.66184590818402,-1.41698904123785,-1.0270576403535,0.00904602308554536,-0.526869768753434
1.54480938985321,-3.26650768430375,6.97085885846564,1.2347099899986,-1.72246201379835,1.35572844681672,-0.03786707998476,-1.67912850715496,-2.58745444291504,0.650238954821017,2.08797475388025,0.294235604328503,-0.37598515975911,0.734913559704089
0.253811949938441,-0.681624430892019,4.16617545522312,1.1256341468931,-0.460178583271301,-0.0823811408057962,-3.14837485682127,-0.105300602879804,-1.68843761912122,-0.802057567353106,0.48668905010846,-0.0917505903165869,0.313492406613627,0.0930231923204152
1.41724857347149,-0.173484029700653,4.5067728739229,2.72184870406926,-2.34916188836598,-1.26982556093035,-0.917477621501311,-1.8881207870049,-1.5640839149416,-0.748473899185288,-1.64501216809809,-2.12421045994591,-0.0935059979131365,1.06305769708155
0.181550612432912,1.07558168717992,7.28500313845792,0.0905376559981557,-0.349035655357441,-3.20881029113218,-1.44690246035603,-1.77846029900338,-2.61030017053829,-0.145466729216186,-2.12210339179281,0.735286551346928,1.78077046865623,1.27413457432762
-1.29985761151721,0.587267990913713,4.35420695947047,2.25737211833779,-0.17860413164392,-1.61048402793378,-1.70612808663195,-0.516598701774755,-1.64398770706516,-0.156247126505078,-1.99575262856469,-0.0400997833482353,2.0946702349569,0.73787365927071
1.28121162419876,-0.358853710107114,5.33493034817921,0.928653304004419,0.873466073277913,-3.53235363910853,-1.67569472979117,-2.30506071601991,-2.97816037345209,0.747770803887024,-1.35367384695551,-0.644728264012046,-0.823292774049695,-1.41872332473363
-0.312156001047529,-1.46930051085306,6.11933487387369,0.997098682529748,-0.971492220753926,-0.813036925461984,-1.91602629465808,-3.69949638121317,-2.23738701896155,-0.477804050437261,0.363153025018376,0.400247037014689,-0.171521704490476,-0.693238862296072
-0.474249889102435,1.31202652053239,6.71057102082867,1.96075325903267,0.762688415014893,-2.03858211325357,-1.10282865290865,-3.22318391000383,-0.588015421811724,0.095609128081399,-0.376816687608042,-0.15399984910499,2.0243529638584,3.1298273034377
0.17858169491932,-1.97041011627617,5.8199906084282,0.79138979208452,-1.8665217451612,-0.937968813746799,-5.03931990069639,-1.17286183058197,0.261460274755136,-1.20773845550929,-1.10649258719022,0.271363633399179,-1.39853383142304,-0.860529075162667
-0.168555295790022,0.00150835104093749,5.70159918548693,2.75114889301892,-2.22237712759943,-0.771795137560631,0.382189555666025,-0.98892631023346,-2.40628972013316,-0.466326643906958,1.0588033508997,-0.5652264174148,1.9690299356871,1.27330736292221
-0.563819318866808,-0.0612217083175557,6.35849343199136,2.43365440248451,-2.29880873021728,-0.732101210661333,-2.88797110971069,-3.83028544421133,-0.497469087580773,-1.09358796470482,-0.674245006018086,1.01842562859739,1.20523920805254,-1.54674188991033
-0.75451534629835,1.60339561771774,6.10458923246873,2.01065731292418,-1.29006660173483,-1.08983087773255,-0.378861228222782,-0.117807336895047,-1.15100498348328,1.89236608418313,-3.09053144343871,-0.0380899592479909,0.940128064342453,0.479339789786178
-0.593029485997135,-1.48672641158381,5.34157419991237,1.55899012093181,1.30921727530514,-1.62100644435589,-3.64905138287517,-1.47753206735933,-0.184885000199482,-2.34156203666174,-2.33642878230933,-1.06062791953274,-0.965158182227078,0.475267951121659
1.52951198597928,0.573586388017095,6.10702875855745,0.214316196734803,0.00970830162148517,-1.81746876131613,-1.33625444282748,-2.4562795016393,-0.832716753035839,-0.528180710016629,1.58210269072279,0.284706784268566,0.126300664100897,-2.91985036584628
1.11548023304361,-1.13773045816621,6.60151029327754,1.20259241297231,-1.20354328813741,-0.92576820929832,-1.99814417252355,-1.33783050381011,-2.13049473972925,-0.2566800505351,-0.883190878513729,0.266862445262748,0.381110086027598,2.91095492654788
-1.091155932841,-0.161611535499211,6.31183024673154,0.687748474734289,-0.915014985332623,-1.06441389093893,-2.74102476157852,-4.16242870751001,-0.933032988159771,-1.51127241936549,-0.295105324011313,0.886764029973008,0.250027434877861,-2.73095112278523
-0.0463413884743331,-1.58455925723391,6.88158721536003,1.6140203125698,0.364286238179956,-2.7624546527536,0.17209534801409,-0.373755674904162,-0.0509570488662545,-1.7536444648088,-0.851974706592551,1.40606149789557,1.76855349433001,-0.518991061084211
0.092933042607882,1.40424392615486,8.79727672330379,3.4340195941528,-0.724606491584426,-2.50512769637845,-1.60756894237628,-2.62559486618674,0.220545634877944,1.42080649722952,-0.929487958421849,-0.549912940535986,2.88742406165378,0.608774243942737
0.094367424599069,0.927867560582966,4.25469056920944,0.639742958714483,-2.08424590160773,-0.851170910660012,-2.04336566387865,-3.58721712016529,-1.94403875067596,-0.131894465843156,-3.53833122880016,0.402191373555564,-0.520811396785694,0.297641013090763
-0.805411331130243,0.163154261111967,8.21434738696275,1.38613967592614,-1.90724985062966,-3.10670529360426,1.44358808361633,0.00726547483202333,0.354200485575784,-1.71929930793586,0.413070325905074,2.05465050900064,-0.414819813668119,0.173892388342769
2.14849242093909,0.802139018859378,7.27100300786962,1.42863161486181,-0.532407257114158,-1.9890230289947,-3.44046817455142,-1.40705121132125,1.34803577828317,-0.671771568658127,0.868540031661357,-0.292668328108328,0.092933042607882,1.40424392615486
-0.244263618826344,-0.0864032928952181,7.79153663947982,1.08668039319952,0.279726229096062,-2.17331867158594,-0.874678025000031,-1.33863216186386,0.394988624579061,0.885056549457328,-0.127814201000973,0.853871554629781,-0.282466326119057,-0.539202916035503
1.83951977871419,0.299407481032761,6.16099429804733,0.529673621959963,-0.91029497282998,-0.537603795531159,-1.00108681312542,-3.9227499036801,-0.651715600469837,-1.16541473282545,-1.0171508298468,-1.19254744089239,-1.20354123847078,0.96236151732322
-2.41243087063012,0.934776445301133,7.7645979052973,1.03996721269189,-1.21339381788518,-2.56884612185781,-0.378268900617574,-1.12098366997139,-1.28986329550783,1.62488324322137,0.882151973879246,0.244467685161474,0.90576532801386,0.386157654545373
-0.181843461080827,-0.630708316951252,5.20758533874159,1.86961238436207,-1.63133418904769,-1.95206029353575,-3.58458646088119,-2.90729230430308,-1.1218422209548,-0.604737552787803,2.28259982409926,1.43915904106263,-2.76260400014613,0.9622696800786
-2.12745460958625,-0.428852786917917,6.16047995951738,0.648981528252305,-2.18039537971863,0.20228126560714,-2.4464551879806,-2.23965448914278,-2.59676907053986,-0.0990585802909756,0.764639585491058,0.137428265702042,-0.169352781202317,-1.34219001981606
0.188198121421645,2.62678494652583,6.43320775664044,0.712034224515838,-1.19096666858765,-0.446555788023824,-0.461586606012321,-2.51817203203325,-1.42722870544041,-0.707476620091841,0.0308430232512347,1.34813231754651,-0.267873299390519,2.66234744410603
0.248578558345669,-0.416802001423584,5.42268283815186,1.47417998046155,-1.93989917525516,-1.27528714871537,-2.2302930352437,-2.31277311441842,-3.35504324047156,-0.617403865915006,-0.420260027635989,-1.15164456514806,0.278685409297601,1.2787441037468
-0.826534639755046,0.247536843163688,5.22286186226666,0.778612636002015,-0.557176252783694,0.61477753676136,-1.9085645259786,-0.645715253929339,-1.78595372394774,-1.43406554052361,-0.242366663279907,-0.690959495431553,0.659661718319508,1.15647414370856
-2.08639680442698,-1.77467155453212,7.49099987846185,1.07721633163467,0.59243579504206,-1.25797178069018,-1.29334647457734,-0.960801800802937,-0.873114892025743,-0.984456418935359,-1.75432570897957,-0.97777292300733,0.0833332071373345,0.509076592952947
0.0570354766963037,1.15976103411082,5.80232691735039,2.31524898946618,-0.943550403588118,-1.97892257101169,-1.59354879915038,-1.81703470402066,-1.15723593845451,-0.245380381563004,-0.0743810663647739,1.66621242011323,0.00385960080020142,0.499298774921154
-1.35377063348125,-1.21919094133588,7.58958911409228,1.33690403242059,-1.18678253741484,-1.87082409232974,0.71142790192496,-2.85319690956276,-0.243924307685156,0.571466162383112,0.686957565718352,-1.58776558870761,1.05698671562801,-0.068715268200477
0.787708148880028,0.99449397562504,5.24148705123877,2.30381855746096,2.46200228295939,0.427617798099451,-2.03423045570687,-1.925037894166,-1.67966721712946,0.755854268433823,-2.9700197703333,-0.134054484554551,1.82327832279577,0.905125765183871
-0.345474472897286,-0.747023746599802,5.89122802883442,2.18469186495479,-2.63493857634058,-1.73502288116079,-2.33368504244002,-2.07252650523343,0.907102028905262,-1.35156236714199,-1.71532670861706,-0.886499005796601,-0.666247578552473,-1.75694647865843
-1.74100638559328,-0.463875863235716,7.33943556385144,2.16789402895557,-3.1804199438108,-1.109349134643,0.373778380074196,-4.95943108652118,-2.0324420249093,0.0362336455575138,-0.627187546442639,1.44004563689598,-1.62399031206299,-1.02711226105218
1.79579604598724,-0.165065280064607,4.65778188863717,-0.326087357958042,-1.14431306590217,-1.36254350336657,0.131344568564479,-2.55680299765477,-3.56338858880854,0.349999894467322,-1.78170758063218,-0.265376634614208,0.285051325030108,-0.477342098216881
2.48779930782375,0.806028844675777,4.12238994706213,2.36279022621856,0.662240640964335,-0.170864264461733,-2.8030281451943,-0.838073849464195,-1.81619118655685,-0.680400924466629,0.886778916024113,-0.19383714542921,2.3842011142645,3.07663999895141
1.59118732692091,0.419350682785788,6.44761784712498,1.04204491026284,0.267575207761982,-1.19289526469591,-1.08650413090824,-3.42126603155557,-1.39831773757726,0.418878551139188,0.327029900310546,0.882532294002946,2.13342113296245,0.933844730705864
0.341015459493692,0.661821723126615,4.96447260178547,0.503453010044082,-0.761997082835486,-0.412731716086095,-2.05386818600285,-1.1600489846474,2.04878575869449,-1.91030902881888,0.0730209505211041,0.593456437058391,-0.87060741934589,-0.185445725552008
-0.525577625848245,0.102847477961332,4.00460607554541,1.05117602113762,-1.29733352817741,-2.2565658624622,-0.999637831547403,-1.05492341935368,-0.600816160104342,-2.44091484180242,0.436384763498497,-1.45483232638407,-0.601635949595118,0.119811295097099
0.817008932378767,1.1296078804988,5.36115560078097,3.10888965703832,-0.0287380627194465,-3.45797531681306,-1.37230195126127,-1.62741354636874,1.1268843311848,2.36618757113408,-2.03603729475585,-0.631898723806666,1.38875034259205,0.0718320367059064
-2.34650583586353,-0.00097418009860073,4.48812020224101,1.85625519485539,-0.204997335459686,-0.67534757740418,-1.69889647910417,-3.23849598383679,-3.04534925920307,-0.458762247094342,-0.925931852206383,-0.596959043309905,-0.541012994234908,1.27545571739711
-0.794790039775001,0.153183484051068,7.02912506123874,2.78655147741671,0.462821455086468,-3.3487147626503,-2.83627487623254,-4.6752028153413,-2.31233089762034,0.367377920085449,-1.58335439380507,-0.307143749051436,0.220784636321152,0.562177413724124
0.155700491854605,0.1372922950685,6.08604011944941,2.46216122492562,-1.70369411350215,-1.2081075826642,-2.25095894070495,-3.66607837641667,-4.57461577165362,-1.43486675932214,0.377588643259322,0.754399748559815,0.36397029642197,0.787224211092521
-0.791485418387301,1.60195915709446,6.19847754513397,2.18374218478095,0.935906628429085,-2.05869881358792,-1.43254500457966,-2.36944228676376,-1.64297280514439,0.927155243132888,-0.252827374778746,0.0673460429895503,0.56306963751097,1.7298436395799
0.553806014814978,-1.8717229850982,7.92354234216222,2.45358378370828,-0.700519314211363,0.173050904043708,-2.39191188019341,-2.76889969413406,-1.01501997320619,0.399484822858519,-0.638758540348893,1.73986542783839,-0.334651332146966,0.535403562021941
-1.78717985898193,-1.70453048674322,6.51185714261589,0.760439240523037,-1.72797490448386,-2.23492161484433,-3.63628009195436,-1.03825528820762,-1.57134222136378,-1.45808482296111,-0.819219582544866,0.578850822137014,-0.130758520596045,-0.109424671099899
0.348146915190922,-1.55131418371989,6.40125751723383,1.84740347846182,-0.619425520636922,-0.536724738603136,-1.38998918104004,-2.36624663475298,0.0477462231782999,0.916368134753064,-2.48892223307226,-0.301599921415586,0.0182646447864281,2.34031285853351
0.957926642891191,-0.198577728434097,5.78436156870043,1.26356144272287,0.819308940760743,-0.63395270266034,-1.20514821853783,-1.49562199985406,-0.25629759655283,-0.817575372123814,-0.678464875060386,1.84908933651189,1.91956605328051,1.10281098583942
-1.19035996994505,0.781078585158649,6.14074969694151,0.888669719190677,1.44287049054561,-1.44538991132799,-1.85020406149536,-1.29707323398456,-1.18345747717438,0.78773209154889,0.792239608860638,0.85363960998356,0.934220374668571,1.40038408090953
0.632879648248045,0.0636712967164759,5.48219172526146,0.90549959920308,-1.54237909507085,-2.11866907549643,-3.47707181414029,-2.49926870670175,-1.41736708366431,-0.754860822073745,0.268651454651394,-0.825602432013993,-2.0597348964564,1.40674598916986
-1.87452871115317,0.0684623167474001,5.90279648786874,2.45665877101694,-1.62601359936491,-1.81758564694976,-0.591624127930985,-0.817866229569256,-2.05305811192829,-0.391198478230779,-2.29224420187188,0.187161240115111,0.685176463251069,1.03151351203751
0.650694387306941,1.09544621123456,5.37776572428515,0.0197872553756255,-0.789638494282456,-1.72056659948221,-4.81215296756226,-1.7918153082582,-1.33060410034645,-2.32675457614551,0.226755100636872,-0.324418558367269,1.35585773645724,0.7529856871884
1.02295503626793,-0.336559302511169,5.09671065573001,2.00257164031183,0.781236541576062,-0.200650877977036,-0.158999254451133,-0.119123394005825,-2.47507814903962,-0.0597267229839344,-0.726416853151903,1.79265171012308,0.200656517241666,-0.292772295547429
1.61884874373923,-0.414672160241169,4.79309240637298,2.20633449003777,-1.06769136963976,-2.25222184995748,-0.870458627682524,-2.47539698195359,0.451316682526577,0.0105528327417828,0.183170221139996,0.571974888286503,1.06106075990381,0.422455856734498
-0.524190725537726,-0.021878048843196,5.98407955278364,-2.1959502050814,-2.08459562539642,-1.19270886274119,-1.82113989411595,-1.87682622591163,-1.06417796013129,-1.8963718162398,0.515635469390948,-1.0915806986414,1.99315455786499,-0.382152830468357
0.70094329668265,-0.578501021394503,5.7163663823247,-0.435810739204721,0.329416862976722,-3.25929171454055,-2.9257856618448,-0.707288954414846,-2.26368093475893,-0.127336852593329,-1.28901892951324,1.23977449346779,-0.074894217003202,0.106382791689723
-0.646896509034852,-0.0396889468859687,6.58676753927027,2.60345819644478,0.669395038798715,-2.37594430676828,-0.584710153197815,-3.1278152113733,-2.03734403329485,-0.369805505413785,1.01347358052042,1.2348204355239,1.23669677201977,-1.51794747088467
0.459425290989642,-1.77051521234315,8.30693256858478,0.0117987091943661,-0.60580276853189,-0.952858367221392,-0.84620206246648,-2.11484811159283,-0.417241281448059,-1.43875172344155,-2.89609690442001,-0.114879940758032,0.80787176061145,-0.684560194479036
0.478174715311999,-0.315278687054915,5.87867818661819,0.563498153977026,0.0305894629493251,-2.26921368310932,-0.269942054880095,-2.87363394828291,-1.32627892277476,-1.63985789701461,-1.65083439272614,-0.586588695834407,0.370902414513255,-0.0384288907739123
1.61702257633124,0.529005724211094,3.71870222996485,4.14456526982255,-1.90463509976987,-2.29729478615021,-1.43996845301116,-2.28946121224366,-0.75512499277704,-0.296991504220917,-1.58984077638239,-0.597147183471582,-0.91474353884832,0.269144032293569
1.16583112795915,1.44047967061526,8.73950748870989,0.609780315289374,-0.288499013299816,-1.30379357974714,-2.20115519506891,-1.63601423989798,0.0535059161321545,-0.286350098770161,0.812355069056546,1.5243652028991,-0.55685157716732,1.58165792697344
0.336442485875047,-0.646148469047133,6.36287926187827,1.10239477523017,-0.324185790124333,-3.9860315628537,-2.09203872978841,-1.49510115544502,-1.6813236621588,-3.43673585949729,-1.56000712226406,-1.65375060798985,0.533590468017762,-0.496996045566216
-0.550924001141043,1.89069941443899,4.23244836205728,3.60866776610736,-0.723079038137159,-2.42687098286044,-4.07312263574028,0.559511853583101,0.91800559489019,0.0700461602215953,-1.8124423177664,2.07699841122722,1.10067882069614,1.35009308834574
-0.977002731127496,0.458414627610668,5.24662405101644,1.67148818371772,-0.655332415196472,-1.35360624082672,-1.11671051842153,-3.03932768899935,-0.253361498462366,0.425424643940298,0.0917801415998389,0.451307117266971,1.47047767294148,2.05118798054296
-0.432042879711638,-0.596819544110135,6.01646583027703,3.72239038739635,-0.737924052436517,-0.920402236758643,-0.622203021392791,-2.45515151190743,0.0463509183724147,-1.28153298053902,-0.476876762751003,0.329096870118008,2.71317915309687,1.44458923821479
0.757137965417325,-1.7679124560244,7.96370300653352,2.30649498093274,-1.18600176894032,-1.01185957802206,-1.16059945870273,-0.609326689818989,-1.65387900784955,-1.63352952483134,0.514404176639011,1.35571083571202,-0.22150134054155,-0.839300020766465
-3.63131290829907,0.868717174879698,4.43703539634417,1.56148022120262,-0.289777167207258,-1.76787253052491,-0.202100659123268,-1.94593462546852,-0.871550589287733,-2.86953786879833,-0.118592948069983,-1.21778223278742,-0.477074490543936,0.797988389055116
-1.06207169243813,-0.513132856326826,5.6417539271384,2.62057459660261,-1.5562354397154,-1.69440913709235,-2.96922342026475,-3.44210025203873,-1.28228327946411,-2.05772937412038,2.10748553702043,0.773121051649254,-0.0601825753685583,-1.29771420903548
-1.2518283035742,-0.372140267315807,6.82047158720967,0.780292292791986,-0.242440718881633,-2.4497469912611,-2.510294916279,-2.33343512903745,-1.06306281262065,-0.53968626099961,-0.175374843896839,-0.597952476416133,0.840431065589044,-1.00920147637402
1.18066010531358,-0.270467098189453,7.55398975490985,0.437780276129629,-0.375587076766679,-0.558854911847038,-0.253331885420111,-2.22622697640309,-1.06391406878583,-0.974002141064887,4.05694837225368,-0.614526970416749,-0.0815680435917941,0.622140884018733
0.411729649857466,-0.251569557778259,6.29219488731208,0.639543106075931,-2.36904378291152,-1.73063777253503,-1.09753691024179,-2.64489652794552,-2.2211217393957,-0.921990260290464,1.80950304740374,-2.78708327842805,1.84935954280725,0.63272229990522
-1.56888496872585,0.223282353327368,4.00935673566881,0.821797881847463,-1.06176035303514,-1.24919517537135,-2.38040442851507,-1.60912908231827,-0.677737595981207,0.0719415641277381,-0.43128473434811,-0.814569062958688,-2.5648132620711,1.08691912493981
2.48857251567502,2.05878570386935,5.26582974969753,0.486589830438209,2.08055871935725,-0.735477797747653,-2.1059747857737,-4.42953919675988,-0.93235249315503,-0.2121053872057,-0.595337844996132,2.45917801163629,2.18860393827333,-1.20773080395143
0.519221418423319,-0.117144459729882,7.2247733718845,0.487137935407851,-2.70170487562597,-0.00801330864271055,-4.14009382850808,-1.92385741823337,-1.41436676501322,-1.12802242337398,-1.58269895607702,0.14391833279739,0.986366267217086,-1.36436207833514
-0.510876664260714,-0.109877976812077,5.70436099621042,3.49312236414517,0.760705354675303,-2.70368561150773,1.54474211384745,-1.61147188075018,-3.46710708709258,-1.5072242010137,0.973308037221876,1.47325489073393,0.318471760809315,-1.55862775584573
0.195549247759552,-0.522945697811004,6.74804296697213,0.962009229022879,-1.39171764910462,-1.00623863279689,-2.91144506421614,-1.89905702872344,-1.66554644874071,-2.17607031840315,0.238747815765318,0.335982617716328,-0.478066911216737,-0.191357745562032
-0.980930755648365,1.25702557336645,5.21726201495671,0.61033164942035,-1.30555579505834,-2.67286739088653,-1.06734653999765,-3.5628689565926,-1.0788429109464,-1.0203917964039,-0.00876493237270148,-1.13868445201264,-0.979264921511578,0.484090653273292
-0.742556380225701,-0.345519114072837,4.8937838200003,3.60478196573206,-1.3783103568326,-2.79842458952005,-1.06044444463107,-0.621330078586511,-1.68381341264318,1.09438461250084,-0.38252817289385,-1.92750005866435,0.947520322414431,0.0842528048558013
-0.0741539296354929,-0.0368044854584495,6.21973736592859,-0.0341642209677504,0.896959523665048,-2.36196863297164,-0.612343618881857,-2.06635856080225,-1.92404425220848,-0.868269917253409,-1.06124938505928,-1.06677418842214,-0.0666460464045622,-2.27281733248584
-0.294117497766226,0.164436054383462,6.10725007201756,0.979438763324763,-0.679427454554264,-0.0454537293915163,-3.75027219407952,-2.81752007280325,-2.42568335679527,0.896045068955392,-0.533379270016343,-0.206139389873167,-0.85913944318945,-0.282236605644039
-2.44597846430932,2.49621340857025,4.3239170600337,2.56875886626881,-1.63243527179935,0.45604131073283,-3.51401388721335,-2.69031719054311,-3.33402891511968,-1.4566945667394,-1.29214392855543,0.5482747629262,-1.36355826769638,0.425892443700217
-0.104253002510396,-1.34154245072943,5.77218023667721,0.909480447148962,-0.455643375283458,-4.0569608944292,-1.68919740954225,-0.99774984485323,-1.79982798607446,-1.83114792652131,-1.18299290001011,0.575901275814187,-0.452953419832172,0.68634897317327
-0.692202712580675,-1.17856250881394,6.25905414490597,0.466050061310722,-2.14909494860846,-1.76640783552786,-1.36672587003599,-2.71403861121396,-1.63376631003968,0.243730943045659,0.810039542794294,-1.07751132221375,-0.696470893707226,-1.69414198933664
0.149033972392341,-2.90484776321606,5.62878077339443,1.04297634103642,1.31628132862183,-1.56319457983172,-2.27925443697637,-2.17303684918433,-3.76398405928821,-2.62074020708097,-0.39412833917196,-0.877881841328899,0.216524159550351,1.32790931029643
1.89456762694958,-0.491565425964195,4.12078525926488,1.76602924525033,-1.22590972909229,-2.38825480133736,-2.44894245976266,-1.55525893204163,-3.11233441290534,-1.44010440171784,1.68754940280017,-0.704410931698564,0.157022832513307,1.08286298461736
-0.433002334390459,0.608209016974215,8.28359951861998,-2.37663820018473,-1.21824667902469,0.172217969909104,-2.7340671290905,-1.59924291657978,-1.56350422394117,-0.0652902486655216,-0.596972535016466,1.37671620018352,-0.236523243449588,2.5999389418819
-0.642483897051334,-0.126106097939992,6.83079731108293,1.48170997549071,-0.577116396997674,-0.489755176782745,-0.413732364225669,-1.07391214906652,-1.08560224451337,-0.523579803242943,1.72380284910704,0.788085662941959,-1.98627449179435,1.80766043126661
-2.4115215943585,-0.971710668552951,4.46748872294,1.3953254698724,-0.295350132309189,-1.11431932166859,-2.62977473598892,-1.46347281891395,-2.2414550932353,-1.77639277021406,0.094159721477086,0.157687510666992,-2.55305654577262,0.335777705547292
0.689412660642208,1.75112206828332,5.9079666639653,0.943807916494868,1.69437978553597,-1.71151660119749,-2.46381458556377,-1.38199355109576,-1.20883864778239,-1.73363756977581,-0.307553588120464,0.629814283640157,0.927125574935905,-0.138120201873502
0.0784166850503367,1.9917988575822,6.35664578429361,2.35540308668216,-0.106483182830431,1.2348978475414,-2.52341991414564,-3.09398172241839,0.153861290351292,-0.733947335756012,-1.32323739380153,1.04937336652988,0.450168317042885,1.55251142887223
-1.58925191233613,0.106835901579645,6.13078116496817,1.2722378238158,-1.13783161630514,-2.83202334946218,-1.73615669294688,-2.94010119772115,-1.56960505801373,-0.690274997325752,1.38314535853096,-0.198421875148092,-0.834109856476343,1.33207481224269
-0.148126006602759,0.459735783677689,8.32387228052521,-0.795249379720338,0.299379945838907,-1.46883525897049,-1.02842760079418,-2.50397672964299,-2.51058661556936,-0.545324778215965,0.041455543069719,0.574203716601385,-0.732103618604603,0.298148381354366
1.11962684113261,-0.816300427926839,5.88881892698628,2.07012805516364,1.6165534816195,0.478531854248518,-1.05906545987684,-2.16295333603011,-1.55027465259024,-2.53557765516694,-0.756736169724244,1.67881246420438,0.690506741017627,0.281789480298245
1.87435184527803,2.20134788481905,6.19280150131938,-0.951333088377441,0.282676701629004,-2.37503336702813,-1.26637251937759,-0.734798826665113,0.282129356006305,-0.179507780828026,0.260089377099005,0.233296333249027,1.90882745869463,0.181543906036484
0.13736720052922,-0.881413109352895,7.77945454915126,-0.47682585571877,-0.860016299138902,-3.38224660094319,-1.617812207162,-1.6211630848873,-1.48938349693125,-0.382251177382917,-0.332959426865201,-1.60056013264146,-1.20943592929344,-0.432617214025134
-0.503350580478645,0.56972674679101,5.25171611605116,2.22866407943642,-1.40494065208455,-0.455545791360414,-1.39106898551373,-1.04454196180101,-2.20180143072901,-1.69445108905711,-0.864897607245799,1.48519446700573,-0.95795004211378,2.98854108898681
-1.06595069538473,-0.355445357583779,5.72262002624521,0.858891729837375,0.953512621137008,-2.18224997468065,-2.32698761241589,-5.16318018915499,-2.28299256530791,-0.636725556263291,0.295641690982371,-0.823265420833214,1.54994038349101,0.0656133292877368
-0.777152279624443,0.251349653803546,5.94041120225905,-0.373067241706802,-0.259228182157115,-3.47921160789052,-2.87624045520733,-0.231653766343682,-2.36997883027523,-2.4684416311327,-0.111574479063014,0.522332871331547,-1.6581782198531,-0.289554984788142
0.89924238236629,0.0366910324662468,7.49735276847799,2.12538847573943,0.793112273958654,-1.61213742615468,-1.0645881779636,-2.49567411751687,-0.355150743460981,0.505165237945815,0.479195143773124,0.0088947857954933,0.61928148860101,0.229526133650997
-0.283401159571487,-2.60383829870754,5.03482723183283,0.479344812700582,-1.32278033142203,-1.85437048792395,-2.23195340234597,-2.01180447033534,-0.0665211193006714,-1.46649091521377,-0.173280088327582,-1.44290833530072,-0.665562055503664,0.132459748396709
0.101590840293488,-0.00943584323684332,6.48834334206022,-0.401462532867275,1.27845093437345,-2.0951604484602,-0.677781198961981,-1.76336444587282,-2.00672869891888,-0.0187117176857226,1.4594619761855,-0.103821792957387,1.65790898060843,1.6100788700832
0.036046673771188,-0.970573261056734,7.00557707506961,0.566964911452736,-0.78654754665695,-1.70524413598637,-1.32871196284407,-2.43379523262268,-1.80745622773193,0.0341925430188761,-0.892171809533403,-0.278209615719541,1.10217831973296,0.831413938690432
1.23911214986148,0.937899469082229,5.901102506552,1.73211647618836,-1.64670704039438,-0.795117151957973,-3.02227170619431,0.301195874823374,-0.78746367571502,-0.896859654372566,-1.2120928298015,0.45548233993316,-1.5342674132347,1.00359069600092
0.784624690783754,-1.74415506475361,3.16318560373155,1.44407994773935,-3.0939684583523,-1.16771045327981,-1.31893736399857,-1.00202994880944,-0.881525760628674,-0.445650282861308,-1.13763633142022,-3.7626305153122,1.70591921822091,1.36361344352951
-2.77781763130595,-2.05016428899971,6.87834621260956,1.41636497925061,-1.18493165526642,-1.83781321561767,-1.86160285460935,-2.37477762781545,-0.813671962079028,-0.362388376984826,-2.2752792070457,-0.611170002383,0.0492289572468163,-1.06070338244505
0.805235752789533,1.13452224340859,6.40341337559765,-0.519609515459696,-1.14415309125373,-0.648053133019623,-0.460893190067506,-0.620625695813243,-2.07840731844636,1.94385893827186,0.96000499703083,-1.6122714500719,-0.728036952009413,3.2098014244725
1.3612285501448,-1.92590929936286,5.30476041470364,1.24337655729549,-0.241111337442058,-0.395937202807213,-2.38566490846647,-2.55125801240585,-0.803943538984493,-0.219716271033811,-0.221135166998066,0.288083547022718,-0.562198432382188,-0.894084289686832
0.00735568367611261,-0.336873093583406,6.15972068697828,2.89157908899619,-1.7811105831723,-2.42527204759678,-2.31562577834036,-3.51168101423873,-0.15045922377718,-2.19034626840809,-0.863301851385925,1.63356416527682,0.271373228328785,2.13975801494562
-1.22952970010416,2.38954522195497,5.64416525997885,0.393165257332515,-0.827754168302122,-0.240364091860117,-3.14678668889765,-2.18374359002988,-0.199058939515692,0.491405162953385,0.394862807686658,2.1264180404913,-2.1544153291143,0.831788095818927
-0.20557401901157,-0.608709609033395,5.31696682173244,0.440181330300444,-1.40484837444684,-0.24383373033485,-3.82826280945965,-1.17976444336189,-3.21610536144676,-0.245125551010645,-1.50315222801417,-0.711670641789726,1.4335573815504,0.636722279229713
0.789738959953036,-0.764017017473078,4.23000877768968,0.271682420712966,-1.24593835343294,-0.867969962877058,1.23416076961021,-1.75191693366505,-1.51410631992471,-1.44576647385018,-1.41370660806594,-1.75276991241496,0.625775439190734,2.25329879198145
0.552350866571303,-0.3935280035628,4.90558661317402,3.14375763928417,-1.05632906736036,-0.619056692332467,-1.07355644142067,-1.41940830752529,-0.373584928577591,-2.73197939318231,0.229347793042391,0.846199098434621,-0.100859711216022,-0.671908298728757
0.981786343835445,-0.95704468302351,4.03741368061918,0.679646534396053,-0.158621408729717,0.109653143916892,1.27459282556079,-2.72512015248928,-0.8814514664406,0.194519234691329,-0.924363865210216,0.508856343595328,-1.1980796057116,0.99695676113651
0.659646538766017,1.59106248518135,6.74621323762984,2.43405959316107,-1.80958734605896,-2.76168320113262,-0.842266987437185,-2.3322045368636,-1.44265345140229,-2.02618607807363,1.13798686114762,0.443044783531539,-1.01359460497866,-0.431566420574522
-1.26409738998135,-0.841740801801278,6.96861103839573,1.71144758115113,0.655715294386823,-1.34746588428606,-1.34040063228906,-0.114343561634093,-0.660316027031158,0.627751703933901,0.481838002491043,1.2591639493878,-1.17247478696192,2.0600808194067
0.210046348092271,1.22242274118131,6.99562289135754,1.1862072956527,-1.2734410486168,-0.975584839297364,-2.25988448915176,-1.06813784228467,-1.17632338032845,0.99297114746488,-0.149005615654213,1.23458837539338,0.196689648652273,0.973864843297639
-1.14257545743438,-0.176008144773716,5.28511277331297,2.89934333391223,0.489670706531729,-0.947635676299697,0.658545605480422,0.0315574068441538,-0.288773734570566,-2.45783304889533,0.0594345082580694,-0.859059304359925,2.22247380697049,1.99873335363801
2.40292617146222,0.923526237338088,5.80621165922558,0.125226397452678,-1.34394740370905,-2.2700976666617,-0.916739243511322,-3.37881255189103,-1.191815919233,-1.57615921139343,-0.347169758107578,-0.682940222803155,-1.05232835427897,-0.146281677303095
-1.07543982185965,1.19828655948632,5.6516387383346,2.76960137306379,-1.5284916816134,-0.761272473032658,-0.506529938743182,-0.43734726073119,-1.25556312419301,-0.730405628347354,-1.87346134173254,1.62098442477169,1.35145921771592,1.24294874656771
-0.333465184210635,0.203618324582038,6.98310145905001,2.27854927782636,-1.17411973815002,-1.99836641774329,-3.71085260723887,-0.777287958848645,-4.02939401797918,1.24151570868341,0.512166334781797,-0.285088070339942,1.45414037089641,0.430061642823242
-2.01870831884791,0.433440241607876,6.93769740745437,1.49397250191444,-0.42355971655306,-2.82067256886398,-1.00593298151544,-3.822675116357,-0.824770700175902,-0.61578357248353,-3.2398992624114,0.889758831056396,2.55085342785145,-1.71442191482723
-0.399420041508525,1.48432242068937,5.93827350171965,-0.538415260102258,-1.26321174316907,-2.44058165744454,-0.640857886673329,1.08575472068034,-0.700292538741488,1.13609673745535,0.526600382955263,-0.11922054935986,1.05615591225241,0.19114756590172
-2.12385242248883,0.291484351126759,8.40104757325877,0.951499517058438,0.885830369901575,-0.90403632386979,-2.1044605917027,-0.310807387996761,-3.09293332322838,-1.96008626477862,0.00897069724405597,1.2134817866753,-1.05381656668802,0.92243009357483
0.19306505296,-0.4198162730012,5.45704583825659,2.64404509468848,-2.04124284448366,-1.6747290837945,-0.886319442297321,-3.86890701693235,-0.364402525992825,-1.17252923356105,-0.0578157576154146,0.0608911461878767,-0.88742162314446,2.42392056459755
-0.376201960971193,-1.1808342012397,5.51830701623673,-0.748853829966315,-0.627989603527323,-0.821778243521134,-2.75856334171857,-1.86155451019082,-0.105216786098645,-2.9630469475975,-1.06721835876169,-1.06650612480935,0.13182465879188,0.644718880567543
-0.493050448669624,0.290252640961446,5.14494023054507,0.870935815556514,-0.167997755928064,-3.11920521314056,-2.61074712074106,-1.8315727776733,-1.0710110677659,-0.293774013656373,1.29444665519961,-0.425974643663337,-1.37521858065724,-1.13903077591008
-1.03262023621629,-0.200152558924285,4.62224962962995,-0.558670380696544,0.179211290380917,-3.7539660046245,-0.279673506559048,-0.675141756836034,-2.72876640466842,-1.24962841412143,0.84580293210404,-1.76962065647838,0.656206869517608,-2.1090897271531
-1.63616747742574,1.72850796857636,7.99116306513368,0.521570847799628,-0.761715059261724,-2.36291087813604,-1.05512376566879,-0.251988361014001,0.162485666728469,-0.691898538033305,0.649612864696344,0.77195059395035,-0.602490942816888,0.244726649888829
-0.531911320465541,1.47473259842459,8.20122143621756,0.919954227515457,-0.744506396816385,-0.997173646409723,-3.53768506907246,-0.425082440579879,-1.13713280395913,0.294725797535787,0.441032061368005,0.70242864554472,-0.00980237997263345,0.0964885332633769
-0.291850697404387,2.31965416461754,4.51337518564564,2.49635353524348,-1.20984608417142,-3.31664356619874,-2.00350474458417,-0.962966051837563,-3.6343017500206,-0.226250936171971,1.52463390030519,-1.03234551739381,-1.49747411179411,0.124201301244989
1.20965932794972,-0.696530940297079,6.51073515218507,0.468649043498399,0.559206681157617,-3.09580926100581,-3.50085047941938,-2.12948445152905,-2.43917594183528,-2.23856466268961,-0.123220037262064,-0.0346367330000774,-0.917675220186381,0.444177805120027
-1.32816351952845,0.489164644035298,6.09719825991222,1.65926445070209,0.00647597973218073,-0.459220054467301,-3.28998399584713,-0.715142434338872,-1.70224205504269,-1.23386670376659,0.283569430314606,0.364111561378206,-0.290288275536017,-1.52193422548222
0.71528988825588,0.803294526219118,5.73368673912173,3.71191976853428,1.0095976727791,-1.64224206871211,-0.276156930914389,-2.8266361287647,-2.43745232249599,0.555139473034017,-0.534906105983797,-2.23193048794638,0.890056615740795,3.67225005574995
-1.10222165720254,-1.03723633724817,7.37494844913381,2.37596668559669,-0.837567055547753,-1.94621447122891,-3.42157449459825,-0.962460947636194,-2.05109075378966,0.0280137872199369,0.569084075889222,-0.474847744247487,-0.403391893710107,-1.41500138642034
1.876273691977,0.472621881207048,7.68591245467545,1.16372839937234,-1.38354044074314,-2.0641073920743,-1.62273860203178,-1.32424513885719,-0.933416406595184,0.540815817063325,-0.282679617344531,2.05641057504607,0.43488761496172,0.964890186502319
1.53529564041131,0.844747834305111,5.15381235980555,1.35463915927126,1.20270181628663,-0.292566692366225,-0.846976423522289,-2.83647699995518,-2.32031310514471,0.130429678000332,0.060755972541267,-0.986824488039867,2.02366255557161,0.522081702306919
-0.0535750636309213,1.52723405521371,5.81450870911513,-0.90845832348424,0.134730944035885,-2.30570342786256,-3.3014973113921,-2.16959518047121,-0.0192178841669151,1.28878635556963,-0.955565648142637,1.03203289509936,0.0333194312762854,-0.230404961287729
-0.20411855487479,0.291231776483474,7.12004748664136,0.772327579960882,0.639990049605213,-2.7355844345063,-0.556307628882405,0.19453158930953,-2.32337140093445,-1.08512377488975,1.70888555759662,0.692767171270016,0.422886628634946,1.40933739782606
-2.61597394097626,1.90600394335831,5.13625412878686,2.79494593050946,-1.46627136858364,-1.70137744532084,-1.59689895758118,-1.28336708198001,-2.53435148196226,-0.879645932580456,2.40957186750222,-0.0978469525499852,-0.98809085965128,0.60279496378136
2.18907179703408,2.38812529785859,4.91679670455108,1.30897489248589,-2.30569901990236,-0.233361558442978,-2.2780822972942,-2.16346265371282,-1.12070313285339,-1.62184154573518,0.565219076783169,-2.14767644792386,1.57440744518896,-0.176199508030481
0.750136854359647,1.12662784173867,5.96294276522907,0.276647823651135,-0.241421905075495,1.16290214489501,-2.46916004607567,-3.25872709489126,1.88775616379692,-0.675657292343094,-1.30365227581604,1.49184060170294,-0.817285352527135,1.69610315326024
-1.63704894300926,-1.19093440308027,7.02006562246788,-0.984631923432481,-0.91993248826215,-0.490570139926062,-2.0485313767208,-1.08617311228462,-1.87340755299083,-0.681894315717201,-3.06000627159214,0.3203425988683,0.151477868033886,0.165683503057749
1.1085714345019,1.87342151838329,6.82593744214424,-0.0265815626105357,0.00830860695270941,-1.43678905582007,-3.53461869752077,-0.602725099155829,0.00387898398424502,0.173256349720558,-0.517460690074245,2.7280413513616,2.11308812480916,0.807824318128016
0.559239020756558,-1.40463424240866,4.13570320406791,2.38067353036104,-0.667876719166882,-3.02366454415578,-2.83238739667958,0.0409400994830951,-1.34459054553609,-3.98302916644134,0.661714265976344,0.185593462115171,-0.671265307859692,0.74035028113245
-2.50323798407454,-2.14891987057833,5.87946230231649,0.848249625856988,0.63014022719327,-3.45587338349097,-2.21765998348742,-1.87630480815463,-1.81857325706876,-1.21217525006792,-0.683394079616404,-0.885583354375191,0.205532207867276,0.43089603077154
-0.568508829630867,0.669094668345734,3.15473093843925,2.08923935639563,-0.179404635660211,-2.15997090248269,-3.47479147311046,-3.51857080067668,-2.0399154633136,0.458028372316684,1.28401567946085,0.335496968659852,0.180612704121038,-0.489041728723526
0.273344250179258,1.88342548323905,6.91478082094299,0.547360436309896,-0.096581197322237,-3.15060881570213,-1.14309773915846,-0.924639776246361,-0.163336357532525,1.06530224015809,-0.322011961992734,0.151885151294589,2.41494996856079,-0.432408423325956
0.326221738122307,2.11901908178379,6.42845018538524,0.461283275608134,1.18831423003951,-2.99973119967555,-4.34026985091662,-0.72285259635224,-1.76106128060505,-1.46073011846699,1.12775137825216,0.836042046952454,0.499018124062499,-2.57725906731159
-0.789743890259544,2.56689279723962,6.64911786748576,1.5401752747158,-0.26974839351717,-1.72188863795644,-1.34178152522144,-2.06368236168607,-0.376009103305679,-0.738168321964063,0.83756810925628,-0.612113252257023,-0.666780260136248,-1.91291561708459
0.952916382807171,-0.60869034076939,6.58930903457681,2.32663833107247,-2.21041902915352,-1.13078114274511,-1.65548222518043,-1.16004200793441,-2.55394344344343,1.11798298796017,0.0261919010927838,1.41407428978916,-0.190287542165114,2.7119128585561
1.56011258697359,-0.689511136263369,7.30855057386037,0.386776250887095,-1.53676400752646,-0.496198421071653,-1.80019771298837,-1.29830041381439,-0.102997774972297,-0.191264748567346,0.149500911091637,1.92854203450015,1.15395147760331,2.1273956353159
-0.763309746241434,-0.0551986147748749,6.45286265676152,2.22615673691858,-1.02346271624381,-2.24042814013276,-0.984160039527747,-2.01324307935571,-0.128980515910785,-0.166492515581549,0.278062507424149,0.574425736172346,1.69470926627341,1.02577691942215
-0.762567091912052,-0.251860069204205,6.11146796518929,1.06830293949422,-0.127989482056127,-2.54708480093105,-1.68013695380087,-0.191276357117562,-0.515001213518064,-2.95026995590084,0.565019808601599,0.161506055908111,-1.27183824341531,-1.60218119050317
-1.27773891962187,0.904821928071605,4.69650110749948,0.475563430894472,-2.18047192219072,0.129976594683859,-1.94607761199759,-2.99717871957896,-2.65871217842413,0.369852301532951,-0.808661437387519,-0.15163792543176,1.18116242298188,1.5271840843269
-0.49898584487508,0.143763346400963,6.54678797000556,3.67510474451198,0.906953378939292,-2.88117677891322,-2.17866838412031,-2.7736380835368,-1.00006896039214,-1.14381883290299,2.96858041301301,-0.629079638543534,0.608078901332156,1.23453587661534
0.562983999043239,0.83189247011723,5.66658039798668,2.15791156031951,1.00612524295767,0.596083699551214,-3.99681377559145,-1.34472708640716,-2.40516800181826,-0.922538035777159,-1.33560300364826,0.632584544330424,0.856750847656524,1.79564937006676
-0.71638329612638,1.41414177093195,5.54817658774554,0.418311385659352,-1.81778240355505,-2.84121953066265,0.272277520318474,-2.74708210874269,-4.48094582135456,-1.01709114057387,0.182286453579839,0.958029058024621,-1.52428674688226,0.252680607432286
-1.42853763456315,0.356050199417968,5.09808121374188,-0.479868896032412,-0.88948491536451,-2.14628700273499,-2.23682242220789,-3.1696165039395,-2.88857874471942,0.966214029850159,-0.409314494514117,-0.789389835061269,-0.22533115902838,-0.387231182759292
-0.0289966175418765,-1.05478299497619,6.88449578364971,1.51811817952559,-3.0711061246211,-0.569643176948384,-1.06991715532351,-2.47168934378139,-0.834616603452779,-1.1586668407882,-0.834277721588418,0.976121996687961,-0.992112586773828,2.19240364692662
0.248240088315018,0.360726799550566,6.06228384536,0.680910066361585,-0.211722185149409,-2.61306256749359,-3.3250955407105,-1.84278201082167,-2.46861752237794,-0.186839965517291,-0.901559711269793,-0.757282646190526,1.41319650673797,1.59375508927328
-1.07908863129975,-0.414068784747261,5.80693968967982,0.265547080887176,-0.963415892279061,-1.99710633482961,-0.860243106515891,-3.35196799631559,-1.4369663588888,-0.885367467045322,-2.09833513167963,-1.6126800236258,1.21696368212095,-0.701599047814797
0.752381880091772,-1.82226747902896,4.71602800093271,-0.26161834050429,-1.23712664759807,-1.51872674801038,-2.64616989491608,-0.0174697722846466,0.484180114490749,-1.4297374904346,-2.14240082844501,-1.18789887848389,-0.516050184926588,0.0767397916817316
0.1083045360498,-0.158047030570161,6.61004358241675,2.74169433099682,0.952890383132095,-2.35244666962091,4.48031594340451,-0.47738195113109,-1.60026618917275,-3.99305194576753,-1.58643731665191,-0.501260797821195,-1.99638851006992,-0.85223675406203
0.952890383132095,-2.35244666962091,4.48031594340451,-0.47738195113109,-1.60026618917275,-3.99305194576753,-1.58643731665191,-0.501260797821195,-1.99638851006992,-0.85223675406203,-0.651470457250846,0.562814984314403,-1.15974568347706,1.62194234172269
-4.01349664539446,1.2061673795538,6.35767192024005,3.25028273000091,-0.237160375752087,-1.01517751232556,-3.86621031447552,-2.42309921791881,-1.29519365687389,-3.92170736224317,-1.1129227138165,0.0966578928504755,-0.816588801644683,-0.233994627070063
-0.381849431831501,-1.55129475357993,5.68763589420188,2.62621501479821,-0.67443832368518,-2.88004657373442,-1.98674363933507,-0.0823836561986132,-0.537221080735921,-0.224181906467763,1.85459210738257,0.0377909406889671,0.744581314935439,0.828532209333678
1.95526218289196,-0.0769370916699286,3.73399931883134,0.764476994313748,-1.54518388426906,-2.40677919595075,-1.48556812689319,-1.53056535428179,-1.66977891380578,-1.36813445193773,-0.601997570699686,1.6386254037284,0.545966159169357,1.05560289815591
-1.01381205575193,0.665279632323372,6.86332081586067,0.415838068750125,-0.19471961030797,-2.79565455989643,-1.3085703969137,-3.20625781803646,-0.464011796037491,1.22347278584184,-1.63452881859285,-4.01349664539446,1.2061673795538,6.35767192024005
-1.74434004451429,-0.179232972954049,7.56389492786076,-0.569430533213097,2.16269717512438,-1.04826768095437,-0.192701531490084,-2.02215981821292,-1.90097621114246,-1.91330015694318,-1.77125794407473,-0.15755088074133,0.623283171969556,1.78752475451515
-0.114831238424824,2.49916403341966,6.34416394838821,0.417596691190947,-1.57214225746364,-0.0425658929352077,-1.72851691429727,-1.88187798167764,2.36598484981216,-1.06531874933383,-0.497720231443195,2.84132421273521,0.69848165321257,-0.453087891241362
-0.519589381378102,-0.855093819142309,5.09377022404298,-0.63432859132284,2.35941953272499,-4.04282907012402,0.0265653302807362,-1.9751053069402,-2.93905400550962,-0.540047902723373,-2.02335558072001,-0.770777109368881,2.01620354106374,-1.468297303325
0.142105478769141,-2.35229304909497,4.78258027788064,2.69253474353662,-0.955610929973511,-0.251244949425804,-0.802707458766575,-1.749279525031,-0.368307322290449,-0.797639005156567,0.0219364547704586,0.0560703004546874,1.4991240765453,0.186737311415474
-0.281137522675722,-0.346601582971966,7.44837589438038,1.39201346122931,-0.0485690165734516,-3.99900706338384,-1.72145185200255,-2.77641176448149,-1.43657345616515,-0.270366229843484,0.588198104194482,0.789767257604857,0.902235651896362,1.06624560676268
-1.1848552915977,0.597097039340474,6.54061608835038,0.564167051258703,-0.0665654994799629,-0.493080210220272,-1.59449593959335,-2.25852909012956,-1.0912865286599,-3.43306076160342,-1.377387317089,-1.14153748708677,-0.14775061880888,-0.498578235045174
0.147057300118544,-0.602477126520628,3.28827193066339,0.840889094573534,-1.29692779141786,-2.60609004894303,-0.0163833062935574,-2.9660651947731,-4.28551158977756,-1.73744862132122,0.352468026816771,-2.32976206276123,0.309720521341981,1.4363480801675
-0.873395777736495,1.14894007691756,5.09851977367144,1.78421731212272,0.587318064854592,-2.46123540812233,-1.99159394900807,-2.12111507841793,-0.589540474637529,-1.84307933345968,-1.78001432070512,-1.75071584230997,-1.25035730160711,0.590988764142584
